,F,M,Kids,Father(cm),mother(cm),Height(cm)
0,0,1,2,177.0,155.0,173.0
1,0,1,2,177.0,155.0,171.0
2,0,1,2,174.0,160.0,173.0
3,0,1,2,174.0,160.0,172.0
4,0,1,1,174.0,164.0,172.0
5,1,0,3,172.0,163.0,173.0
6,1,0,3,172.0,163.0,168.5
7,0,1,3,172.0,163.0,178.0
8,0,1,2,168.0,166.0,167.0
9,0,1,2,168.0,166.0,169.0
10,0,1,1,175.0,165.0,174.9
11,1,0,2,168.0,158.0,153.6
12,1,0,2,168.0,158.0,152.0
13,0,1,2,168.0,155.0,171.7
14,1,0,2,168.0,155.0,161.0
15,0,1,2,170.0,160.0,167.0
16,0,1,2,170.0,160.0,183.0
17,0,1,3,172.0,165.0,179.0
18,1,0,3,172.0,165.0,160.0
19,0,1,3,172.0,165.0,172.0
20,0,1,1,175.3,163.2,183.1
21,0,1,3,170.0,160.0,178.0
22,1,0,3,170.0,160.0,160.0
23,1,0,3,170.0,160.0,160.0
24,0,1,3,174.1,162.0,188.2
25,0,1,3,174.1,162.0,182.0
26,1,0,3,174.1,162.0,165.0
27,0,1,1,186.7,153.5,174.2
28,1,0,3,171.0,163.0,153.6
29,0,1,3,171.0,163.0,179.0
30,0,1,3,171.0,163.0,179.0
31,0,1,2,179.0,160.0,180.0
32,1,0,2,179.0,160.0,160.0
33,1,0,2,178.0,165.0,161.0
34,0,1,2,178.0,165.0,185.0
35,0,1,1,178.0,163.0,174.0
36,0,1,2,165.42,168.65,176.73
37,1,0,2,165.42,168.65,168.64
38,1,0,1,178.7,165.4,167.5
39,0,1,2,173.2,166.8,178.2
40,0,1,2,173.2,166.8,173.7
41,0,1,1,175.0,160.0,171.3
42,0,1,2,164.0,159.0,165.0
43,1,0,2,164.0,159.0,160.0
44,0,1,2,167.0,162.0,180.1
45,1,0,2,167.0,162.0,164.0
46,0,1,2,170.0,169.0,173.1
47,1,0,2,170.0,169.0,165.0
48,1,0,2,171.0,162.0,164.0
49,1,0,2,171.0,162.0,162.0
50,1,0,2,177.8,159.8,165.2
51,0,1,2,177.8,159.8,173.0
52,1,0,2,175.0,164.5,164.8
53,1,0,2,175.0,164.5,159.0
54,0,1,2,177.5,153.0,179.3
55,0,1,2,177.5,153.0,174.1
56,0,1,1,173.0,160.0,173.0
57,0,1,2,170.0,163.0,190.0
58,0,1,2,170.0,163.0,177.0
59,0,1,2,172.5,159.0,170.0
60,1,0,2,172.5,159.0,162.0
61,1,0,2,176.0,162.0,165.0
62,0,1,2,176.0,162.0,172.0
63,0,1,2,170.0,160.0,173.0
64,0,1,2,170.0,160.0,173.0
65,1,0,1,158.0,153.0,155.0
66,0,1,3,168.0,156.0,168.0
67,1,0,3,168.0,156.0,162.0
68,0,1,3,168.0,156.0,178.0
69,0,1,2,173.0,163.0,178.0
70,1,0,2,173.0,163.0,160.0
71,0,1,2,178.0,154.0,160.2
72,0,1,2,178.0,154.0,178.0
73,0,1,2,176.0,158.0,178.8
74,1,0,2,176.0,158.0,159.0
75,1,0,1,174.0,160.0,160.3
76,1,0,2,168.0,163.0,173.0
77,0,1,2,168.0,163.0,181.0
78,1,0,3,170.0,157.0,160.4
79,1,0,3,170.0,157.0,158.0
80,0,1,3,170.0,157.0,175.0
81,0,1,1,173.0,160.0,169.8
82,0,1,2,174.0,169.0,179.4
83,1,0,2,174.0,169.0,169.0
84,1,0,2,174.0,164.0,176.2
85,1,0,2,174.0,164.0,168.6
86,0,1,1,169.0,163.0,173.3
87,0,1,3,180.0,163.0,174.5
88,0,1,3,180.0,163.0,179.0
89,1,0,3,180.0,163.0,172.0
90,0,1,2,168.0,154.0,168.0
91,0,1,2,168.0,154.0,177.0
92,0,1,1,173.5,150.4,172.1
93,1,0,2,168.0,166.0,156.0
94,0,1,2,168.0,166.0,175.0
95,0,1,2,172.0,158.0,181.0
96,1,0,2,172.0,158.0,173.0
97,0,1,2,167.0,163.0,178.0
98,0,1,2,167.0,163.0,169.0
99,1,0,1,176.0,168.0,170.6
100,0,1,2,173.0,165.0,178.0
101,0,1,2,173.0,165.0,180.0
102,0,1,2,168.0,154.0,177.4
103,1,0,2,168.0,154.0,152.0
104,0,1,1,180.0,162.0,173.0
105,0,1,2,166.5,143.2,169.3
106,0,1,2,166.5,143.2,165.3
107,0,1,1,178.0,167.0,186.8
108,1,0,2,181.0,160.0,173.0
109,0,1,2,181.0,160.0,184.0
110,0,1,3,173.0,152.0,174.0
111,1,0,3,173.0,152.0,160.0
112,1,0,3,173.0,152.0,160.0
113,0,1,3,168.0,162.0,173.0
114,1,0,3,168.0,162.0,168.0
115,1,0,3,168.0,162.0,160.0
116,0,1,3,169.7,158.3,172.2
117,1,0,3,169.7,158.3,161.0
118,0,1,3,169.7,158.3,170.1
119,0,1,1,165.0,160.0,176.7
120,1,0,2,171.0,164.0,169.8
121,0,1,2,171.0,164.0,178.5
122,0,1,2,170.0,163.0,172.3
123,1,0,2,170.0,163.0,160.0
124,1,0,2,181.0,161.0,167.0
125,0,1,2,181.0,161.0,177.0
126,1,0,2,178.0,170.0,163.0
127,1,0,2,178.0,170.0,174.0
128,0,1,2,170.0,168.0,172.0
129,0,1,2,170.0,168.0,176.0
130,0,1,2,170.0,160.0,170.0
131,0,1,2,170.0,160.0,172.0
132,1,0,2,178.0,154.0,159.5
133,0,1,2,178.0,154.0,178.0
134,0,1,2,168.0,156.0,168.0
135,0,1,2,168.0,156.0,172.0
136,1,0,3,175.0,156.0,156.9
137,1,0,3,175.0,156.0,159.6
138,1,0,3,175.0,156.0,160.0
139,1,0,2,170.0,168.0,163.0
140,1,0,2,170.0,168.0,168.0
141,0,1,2,180.0,154.0,183.7
142,1,0,2,180.0,154.0,158.0
143,1,0,2,168.0,158.0,163.0
144,1,0,2,168.0,158.0,160.0
145,0,1,2,175.2,165.3,182.3
146,0,1,2,175.2,165.3,180.2
147,0,1,2,169.0,162.0,170.1
148,0,1,2,169.0,162.0,172.0
149,0,1,2,165.0,162.0,177.5
150,1,0,2,165.0,162.0,168.0
151,0,1,2,170.0,159.0,168.0
152,0,1,2,170.0,159.0,172.0
153,0,1,1,180.0,154.0,178.8
154,1,0,5,176.0,163.0,162.0
155,1,0,5,176.0,163.0,164.0
156,1,0,5,176.0,163.0,163.0
157,0,1,5,176.0,163.0,182.0
158,1,0,5,176.0,163.0,167.0
159,1,0,3,173.0,158.0,165.7
160,1,0,3,173.0,158.0,168.0
161,1,0,3,173.0,158.0,160.0
162,1,0,1,185.0,161.0,166.7
163,1,0,2,168.0,169.0,160.0
164,0,1,2,168.0,169.0,172.0
165,1,0,1,178.0,163.0,159.0
166,1,0,2,170.0,158.0,160.5
167,1,0,2,170.0,158.0,162.0
168,0,1,1,177.2,154.2,174.7
169,0,1,2,173.0,163.0,175.0
170,1,0,2,173.0,163.0,153.2
171,0,1,2,180.2,165.1,185.0
172,1,0,2,180.2,165.1,172.7
173,0,1,2,168.0,158.0,178.5
174,1,0,2,168.0,158.0,159.8
175,0,1,2,180.0,167.0,181.0
176,0,1,2,180.0,167.0,185.0
177,0,1,2,180.0,158.2,172.1
178,1,0,2,180.0,158.2,157.3
179,0,1,2,162.0,155.0,174.0
180,1,0,2,162.0,155.0,153.0
181,1,0,3,163.0,155.0,157.0
182,1,0,3,163.0,155.0,154.0
183,0,1,3,163.0,155.0,175.0
184,0,1,2,171.5,161.0,181.0
185,0,1,2,171.5,161.0,176.5
186,0,1,3,172.0,164.0,180.0
187,0,1,3,172.0,164.0,175.0
188,0,1,3,172.0,164.0,172.0
189,0,1,2,173.0,160.0,172.0
190,1,0,2,173.0,160.0,158.0
191,1,0,2,179.0,163.0,166.5
192,0,1,2,179.0,163.0,182.0
193,0,1,1,165.0,160.0,175.0
194,0,1,2,171.0,162.0,177.0
195,1,0,2,171.0,162.0,165.0
196,0,1,2,173.0,158.0,177.0
197,0,1,2,173.0,158.0,175.0
198,0,1,2,168.0,160.0,170.0
199,1,0,2,168.0,160.0,163.0
200,0,1,1,171.0,161.0,177.0
201,0,1,2,177.0,165.0,178.0
202,0,1,2,177.0,165.0,182.0
203,0,1,2,174.0,154.0,163.0
204,1,0,2,174.0,154.0,158.0
205,1,0,1,167.0,160.0,158.0
206,0,1,2,167.0,161.0,170.0
207,1,0,2,167.0,161.0,162.0
208,1,0,3,167.0,150.0,165.0
209,0,1,3,167.0,150.0,171.0
210,0,1,3,167.0,150.0,168.0
211,0,1,1,168.0,157.0,168.0
212,0,1,3,167.0,161.0,169.0
213,1,0,3,167.0,161.0,161.0
214,1,0,3,167.0,161.0,163.0
215,1,0,3,178.0,155.0,163.0
216,1,0,3,178.0,155.0,160.0
217,0,1,3,178.0,155.0,178.0
218,1,0,3,171.0,152.0,155.0
219,1,0,3,171.0,152.0,154.0
220,1,0,3,171.0,152.0,158.0
221,1,0,2,173.0,158.0,158.0
222,1,0,2,173.0,158.0,157.0
223,0,1,2,168.0,171.0,176.0
224,0,1,2,168.0,176.0,188.0
225,1,0,1,174.0,156.0,162.0
226,0,1,2,173.0,162.0,177.0
227,1,0,2,173.0,162.0,158.0
228,0,1,2,168.0,157.0,183.0
229,0,1,2,168.0,157.0,171.0
230,0,1,2,180.0,168.0,186.0
231,1,0,2,180.0,168.0,170.0
232,0,1,3,175.0,165.0,175.0
233,1,0,3,175.0,165.0,163.0
234,0,1,3,175.0,165.0,184.0
235,0,1,2,181.0,159.0,179.0
236,1,0,2,181.0,159.0,167.0
237,0,1,2,164.0,168.0,171.0
238,0,1,2,164.0,168.0,183.0
239,1,0,2,174.0,154.0,156.0
240,1,0,2,174.0,154.0,165.0
241,1,0,3,172.0,153.0,157.0
242,1,0,3,172.0,153.0,163.0
243,0,1,3,172.0,153.0,163.0
244,1,0,2,173.0,150.0,158.0
245,1,0,2,173.0,150.0,153.0
246,1,0,2,171.0,160.0,166.0
247,1,0,2,171.0,160.0,162.0
248,1,0,3,180.0,161.0,168.0
249,1,0,3,180.0,161.0,166.0
250,1,0,3,180.0,161.0,164.0
251,0,1,2,179.0,162.0,178.0
252,1,0,2,179.0,162.0,160.0
253,0,1,2,178.0,168.0,181.0
254,1,0,2,178.0,168.0,163.0
255,0,1,2,182.0,161.0,174.0
256,1,0,2,182.0,161.0,161.0
257,1,0,3,167.0,160.0,168.0
258,1,0,3,167.0,160.0,164.0
259,0,1,3,167.0,160.0,174.0
260,0,1,2,179.0,168.0,168.0
261,1,0,2,179.0,168.0,181.0
262,0,1,2,171.0,155.0,175.0
263,1,0,2,171.0,155.0,161.0
264,1,0,2,180.0,155.0,161.0
265,1,0,2,180.0,155.0,160.0
266,1,0,2,170.0,161.0,163.0
267,0,1,2,170.0,161.0,172.0
268,1,0,2,175.0,164.0,169.0
269,1,0,2,175.0,164.0,164.0
270,0,1,2,175.0,150.0,170.0
271,1,0,2,175.0,150.0,162.0
272,0,1,2,170.0,156.0,179.0
273,1,0,2,170.0,156.0,158.0
274,0,1,2,170.0,171.0,180.0
275,1,0,2,170.0,171.0,173.0
276,1,0,1,180.0,165.0,169.0
277,0,1,2,174.0,158.0,173.0
278,1,0,2,174.0,158.0,168.0
279,0,1,2,178.0,165.0,190.0
280,0,1,2,178.0,165.0,187.0
281,0,1,2,178.0,159.0,188.0
282,0,1,2,178.0,159.0,178.0
283,0,1,2,171.0,156.0,172.0
284,0,1,2,171.0,156.0,172.0
285,0,1,2,165.0,155.0,173.0
286,1,0,2,165.0,155.0,160.0
287,0,1,2,175.0,156.0,167.0
288,0,1,2,175.0,156.0,172.0
289,0,1,2,169.0,165.0,172.0
290,1,0,2,169.0,165.0,159.0
291,0,1,3,171.0,161.0,169.0
292,0,1,3,171.0,161.0,178.0
293,1,0,3,171.0,161.0,164.0
294,1,0,2,183.0,163.0,164.0
295,1,0,2,183.0,163.0,170.0
296,0,1,2,157.0,163.0,178.0
297,1,0,2,157.0,163.0,155.0
298,0,1,1,165.0,157.0,168.0
299,0,1,2,175.0,158.0,178.0
300,0,1,2,175.0,158.0,183.0
301,0,1,1,178.0,170.0,183.0
302,0,1,2,176.0,157.0,179.0
303,0,1,2,176.0,157.0,173.0
304,0,1,2,172.0,153.0,176.0
305,1,0,2,172.0,153.0,156.0
306,0,1,2,182.0,152.0,172.0
307,1,0,2,182.0,152.0,162.0
308,0,1,3,180.0,162.0,177.0
309,1,0,3,180.0,162.0,163.0
310,0,1,3,180.0,162.0,175.0
311,0,1,1,175.0,165.0,179.0
312,0,1,2,170.0,161.0,167.0
313,0,1,2,170.0,161.0,169.0
314,0,1,2,178.0,164.0,185.0
315,1,0,2,178.0,164.0,158.0
316,0,1,2,177.0,160.0,175.0
317,0,1,2,177.0,160.0,178.0
318,1,0,2,174.0,160.0,166.0
319,1,0,2,174.0,160.0,167.0
320,1,0,2,170.0,157.0,160.0
321,1,0,2,170.0,157.0,160.0
322,1,0,2,174.0,159.0,158.0
323,0,1,2,174.0,159.0,178.0
324,1,0,2,187.0,165.0,176.0
325,1,0,2,187.0,165.0,170.0
326,1,0,3,169.0,153.0,156.0
327,1,0,3,169.0,153.0,160.0
328,1,0,3,169.0,153.0,166.0
329,1,0,1,175.0,150.0,155.0
330,1,0,2,175.0,167.0,163.0
331,0,1,2,175.0,167.0,173.0
332,0,1,2,180.0,158.0,179.0
333,1,0,2,180.0,158.0,160.0
334,1,0,2,172.0,150.0,167.0
335,0,1,2,172.0,150.0,180.0
336,1,0,1,173.0,158.0,160.0
337,0,1,1,165.0,156.0,167.0
338,0,1,2,174.0,167.0,177.0
339,0,1,2,174.0,167.0,177.0
340,0,1,2,170.0,160.0,180.0
341,1,0,2,170.0,160.0,156.0
342,0,1,2,172.0,155.0,175.0
343,1,0,2,172.0,155.0,164.0
344,0,1,2,165.0,160.0,178.0
345,1,0,2,165.0,160.0,160.0
346,0,1,1,160.0,160.0,180.0
347,0,1,2,165.0,160.0,171.0
348,0,1,2,165.0,160.0,177.0
349,0,1,1,171.0,157.0,184.0
350,0,1,2,170.0,169.0,175.0
351,1,0,2,170.0,169.0,153.0
352,0,1,4,174.0,152.0,174.0
353,0,1,4,174.0,152.0,173.0
354,1,0,4,174.0,152.0,160.0
355,1,0,4,174.0,152.0,163.0
356,1,0,2,170.0,160.0,167.0
357,0,1,2,170.0,160.0,182.0
358,0,1,2,178.0,163.0,183.0
359,1,0,2,178.0,163.0,169.0
360,0,1,2,175.0,150.0,177.0
361,1,0,2,175.0,150.0,152.0
362,0,1,2,185.0,155.0,174.0
363,1,0,2,185.0,155.0,169.0
364,0,1,2,175.0,165.0,177.0
365,1,0,2,175.0,165.0,163.0
366,1,0,3,160.0,162.0,150.0
367,1,0,3,160.0,162.0,160.0
368,0,1,3,160.0,162.0,168.0
369,0,1,1,174.0,165.0,174.0
370,1,0,3,171.0,156.0,160.0
371,0,1,3,171.0,156.0,172.0
372,1,0,3,171.0,156.0,159.0
373,0,1,2,168.0,155.0,175.0
374,1,0,2,168.0,155.0,163.0
375,1,0,2,163.0,165.0,161.0
376,0,1,2,163.0,165.0,180.0
377,0,1,2,173.0,165.0,178.0
378,0,1,2,173.0,165.0,186.0
379,1,0,2,167.0,153.0,172.0
380,0,1,2,167.0,153.0,160.0
381,1,0,2,165.0,148.0,153.0
382,1,0,2,165.0,148.0,163.0
383,1,0,2,171.0,155.0,175.0
384,1,0,2,171.0,155.0,158.0
385,1,0,2,160.0,155.0,158.0
386,1,0,2,160.0,155.0,159.0
387,1,0,3,164.0,158.0,158.0
388,1,0,3,164.0,158.0,163.0
389,0,1,3,164.0,158.0,168.0
390,0,1,2,170.0,153.0,173.0
391,0,1,2,170.0,153.0,175.0
392,1,0,3,174.0,166.0,150.0
393,1,0,3,174.0,166.0,165.0
394,0,1,3,174.0,166.0,178.0
395,1,0,3,173.0,163.0,167.0
396,0,1,3,173.0,163.0,182.0
397,1,0,3,173.0,163.0,170.0
398,0,1,2,178.0,165.0,182.0
399,0,1,2,178.0,165.0,183.0
400,0,1,2,175.0,160.0,176.0
401,0,1,2,175.0,160.0,172.0
402,1,0,3,178.0,163.0,163.0
403,0,1,3,178.0,163.0,181.0
404,1,0,3,178.0,163.0,168.0
405,1,0,3,174.0,164.0,167.0
406,1,0,3,174.0,164.0,168.0
407,0,1,3,174.0,164.0,184.0
408,1,0,2,176.0,155.0,161.0
409,1,0,2,176.0,155.0,163.0
410,0,1,2,172.0,156.0,173.0
411,1,0,2,172.0,156.0,158.0
412,0,1,2,168.0,160.0,175.0
413,0,1,2,168.0,160.0,178.0
414,1,0,3,172.0,155.0,165.0
415,1,0,3,172.0,155.0,167.0
416,1,0,3,172.0,155.0,155.0
417,0,1,2,165.0,165.0,178.0
418,0,1,2,165.0,165.0,175.0
419,1,0,2,173.0,158.0,155.0
420,1,0,2,173.0,158.0,156.0
421,0,1,2,178.0,171.0,187.0
422,1,0,2,178.0,171.0,176.0
423,1,0,2,167.0,163.0,157.0
424,1,0,2,167.0,163.0,160.0
425,1,0,3,178.0,166.0,168.0
426,1,0,3,178.0,166.0,165.0
427,0,1,3,178.0,166.0,187.0
428,1,0,2,167.0,152.0,161.0
429,0,1,2,167.0,152.0,170.0
430,1,0,2,173.0,162.0,165.0
431,1,0,2,173.0,162.0,163.0
432,1,0,2,169.0,155.0,155.0
433,1,0,2,169.0,155.0,155.0
434,1,0,3,175.0,168.0,163.0
435,0,1,3,175.0,168.0,177.0
436,0,1,3,175.0,168.0,177.0
437,1,0,1,178.0,163.0,164.0
438,1,0,2,180.0,157.0,163.0
439,0,1,2,180.0,157.0,178.0
440,1,0,1,172.0,158.0,162.0
441,1,0,2,173.0,162.0,163.0
442,0,1,2,173.0,162.0,174.0
443,0,1,2,175.0,165.0,178.0
444,0,1,2,175.0,165.0,176.0
445,1,0,2,160.0,160.0,156.0
446,0,1,2,160.0,160.0,173.0
447,0,1,2,178.0,165.0,177.0
448,1,0,2,178.0,165.0,167.0
449,1,0,2,164.0,165.0,158.0
450,0,1,2,164.0,165.0,167.0
451,1,0,2,178.0,158.0,164.0
452,0,1,2,178.0,158.0,185.0
453,1,0,3,170.0,159.0,163.0
454,1,0,3,170.0,159.0,159.0
455,1,0,3,170.0,159.0,165.0
456,0,1,2,176.0,164.0,178.0
457,0,1,2,176.0,164.0,185.0
458,0,1,2,172.0,166.0,175.0
459,0,1,2,172.0,166.0,176.0
460,1,0,3,173.0,158.0,165.0
461,1,0,3,173.0,158.0,157.0
462,1,0,3,173.0,158.0,162.0
463,0,1,2,182.0,160.0,186.0
464,0,1,2,182.0,160.0,180.0
465,0,1,2,175.0,168.0,177.0
466,0,1,2,175.0,168.0,177.0
467,1,0,3,172.0,154.0,162.0
468,1,0,3,172.0,154.0,162.0
469,1,0,3,172.0,154.0,162.0
470,0,1,2,177.0,157.0,174.0
471,0,1,2,177.0,157.0,180.0
472,1,0,2,171.0,164.0,156.0
473,0,1,2,171.0,164.0,182.0
474,0,1,1,173.0,163.0,187.0
475,0,1,2,168.0,155.0,173.0
476,1,0,2,168.0,155.0,160.0
477,0,1,2,168.0,160.0,179.0
478,0,1,2,168.0,160.0,177.0
479,1,0,2,172.0,158.0,162.0
480,0,1,2,172.0,158.0,175.0
481,1,0,2,185.0,164.0,160.0
482,0,1,2,185.0,164.0,182.0
483,1,0,1,176.0,154.0,167.0
484,1,0,2,173.0,160.0,166.0
485,1,0,2,173.0,160.0,163.0
486,1,0,1,172.0,168.0,167.0
487,0,1,2,172.0,158.0,173.0
488,0,1,2,172.0,158.0,172.0
489,0,1,2,168.0,158.0,179.0
490,1,0,2,168.0,158.0,154.0
491,1,0,2,170.0,159.0,159.0
492,1,0,2,170.0,159.0,158.0
493,1,0,3,175.0,160.0,155.0
494,1,0,3,175.0,160.0,156.0
495,0,1,3,175.0,160.0,173.0
496,0,1,2,183.0,160.0,184.0
497,1,0,2,183.0,160.0,170.0
498,1,0,2,178.0,160.0,161.0
499,1,0,2,178.0,160.0,160.0
500,1,0,2,168.0,157.0,164.0
501,1,0,2,168.0,157.0,158.0
502,1,0,2,184.0,168.0,166.0
503,0,1,2,184.0,168.0,187.0
504,1,0,2,178.0,157.0,163.0
505,1,0,2,178.0,157.0,159.0
506,1,0,2,175.0,165.0,160.0
507,1,0,2,175.0,165.0,158.0
508,1,0,2,178.0,160.0,164.0
509,1,0,2,178.0,160.0,171.0
510,1,0,2,174.0,156.0,157.0
511,1,0,2,174.0,156.0,162.0
512,1,0,2,173.0,168.0,170.0
513,0,1,2,173.0,168.0,178.0
514,0,1,1,183.0,163.0,180.0
515,0,1,2,179.0,171.0,178.0
516,1,0,2,179.0,171.0,163.0
517,1,0,2,171.0,163.0,165.0
518,0,1,2,171.0,163.0,174.0
519,1,0,3,174.0,164.0,173.0
520,0,1,3,174.0,164.0,175.0
521,1,0,3,174.0,164.0,165.0
522,1,0,3,176.0,158.0,157.0
523,1,0,3,176.0,158.0,156.0
524,0,1,3,176.0,158.0,174.0
525,1,0,2,184.0,163.0,166.0
526,0,1,2,184.0,163.0,178.0
527,1,0,2,177.0,157.0,158.0
528,0,1,2,177.0,157.0,178.0
529,1,0,2,170.0,151.0,158.0
530,1,0,2,170.0,151.0,154.0
531,1,0,1,174.0,160.0,163.0
532,1,0,2,171.0,152.0,165.0
533,1,0,2,171.0,152.0,158.0
534,1,0,2,170.0,156.0,158.0
535,0,1,2,170.0,156.0,178.0
536,0,1,2,175.0,165.0,180.0
537,0,1,3,175.0,165.0,180.0
538,1,0,3,175.0,158.0,164.0
539,1,0,3,175.0,158.0,160.0
540,0,1,3,175.0,158.0,180.0
541,0,1,2,183.0,164.0,175.0
542,1,0,3,172.0,160.0,170.0
543,1,0,3,172.0,160.0,162.0
544,0,1,3,172.0,160.0,178.0
545,0,1,1,172.0,159.0,171.0
546,0,1,2,181.0,160.0,177.0
547,0,1,2,181.0,160.0,180.0
548,0,1,2,177.0,159.0,180.0
549,1,0,2,177.0,159.0,167.0
550,1,0,2,172.0,160.0,163.0
551,0,1,2,172.0,160.0,175.0
552,0,1,1,180.0,154.0,180.0
553,0,1,1,170.0,158.0,175.0
554,1,0,2,173.0,155.0,164.0
555,0,1,2,173.0,155.0,174.0
556,1,0,2,179.0,155.0,169.0
557,0,1,2,179.0,155.0,173.0
558,1,0,3,166.0,161.0,161.0
559,0,1,3,166.0,161.0,174.0
560,1,0,3,166.0,161.0,159.0
561,1,0,2,172.0,164.0,168.0
562,0,1,2,172.0,164.0,174.0
563,0,1,1,167.0,158.0,174.0
564,0,1,2,188.0,165.0,186.0
565,1,0,2,188.0,165.0,173.0
566,0,1,2,177.0,159.0,174.0
567,1,0,2,177.0,159.0,160.0
568,0,1,2,168.0,164.0,169.0
569,1,0,2,168.0,164.0,170.0
570,0,1,1,165.0,150.0,172.0
571,1,0,1,177.0,160.0,171.0
572,1,0,2,179.0,155.0,165.0
573,0,1,2,179.0,155.0,181.0
574,0,1,3,186.0,163.0,180.0
575,1,0,3,186.0,163.0,161.0
576,1,0,3,186.0,163.0,164.0
577,0,1,2,163.0,157.0,177.0
578,0,1,2,163.0,157.0,172.0
579,1,0,2,174.0,152.0,171.0
580,1,0,2,174.0,152.0,164.0
581,1,0,1,172.0,162.0,168.0
582,0,1,2,178.0,165.0,179.0
583,1,0,2,178.0,165.0,163.0
584,1,0,2,173.0,160.0,169.0
585,1,0,2,173.0,160.0,158.0
586,0,1,2,170.0,170.0,174.0
587,0,1,2,170.0,170.0,184.0
588,1,0,1,181.0,168.0,168.0
589,1,0,2,171.0,154.0,160.0
590,0,1,2,171.0,154.0,170.0
591,0,1,1,181.8,167.0,178.2
592,0,1,2,187.2,160.9,180.6
593,1,0,2,187.2,160.9,176.4
594,1,0,2,174.3,159.4,158.8
595,0,1,2,174.3,159.4,168.0
596,0,1,2,165.0,166.3,174.1
597,0,1,2,165.0,166.3,180.1
598,1,0,2,176.7,165.0,163.7
599,1,0,2,176.7,165.0,155.5
600,0,1,3,175.5,154.8,169.2
601,0,1,3,175.5,154.8,177.2
602,1,0,3,175.5,154.8,168.8
603,1,0,3,161.6,146.3,144.5
604,0,1,3,161.6,146.3,154.6
605,0,1,3,161.6,146.3,159.1
606,0,1,2,177.2,158.6,172.6
607,0,1,2,177.2,158.6,178.7
608,0,1,3,175.2,161.3,172.8
609,0,1,3,175.2,161.3,179.6
610,1,0,3,175.2,161.3,177.4
611,0,1,2,177.4,159.1,177.7
612,0,1,2,177.4,159.1,181.0
613,0,1,3,175.3,153.2,169.0
614,1,0,3,175.3,153.2,164.7
615,1,0,3,175.3,153.2,155.8
616,1,0,2,176.6,156.2,160.4
617,1,0,2,176.6,156.2,153.1
618,0,1,2,172.0,151.0,168.3
619,0,1,2,172.0,151.0,171.8
620,0,1,2,181.1,158.9,174.8
621,1,0,2,181.1,158.9,168.3
622,1,0,1,175.2,162.7,162.8
623,1,0,3,183.4,159.4,164.4
624,1,0,3,183.4,159.4,158.7
625,0,1,3,183.4,159.4,162.2
626,1,0,2,183.2,151.8,161.9
627,0,1,2,183.2,151.8,167.5
628,1,0,2,161.9,154.4,150.3
629,0,1,2,161.9,154.4,158.8
630,0,1,2,186.7,158.6,180.3
631,0,1,2,186.7,158.6,185.1
632,0,1,2,170.2,158.3,169.9
633,0,1,2,170.2,158.3,176.6
634,0,1,2,180.1,167.3,182.1
635,1,0,2,180.1,167.3,175.6
636,1,0,3,183.5,158.0,162.7
637,1,0,3,183.5,158.0,155.6
638,1,0,3,183.5,158.0,150.3
639,0,1,2,173.2,153.6,169.3
640,1,0,2,173.2,153.6,163.8
641,0,1,2,177.7,163.4,179.4
642,1,0,2,177.7,163.4,171.2
643,0,1,2,167.6,159.7,167.4
644,1,0,2,167.6,159.7,163.0
645,1,0,1,184.8,169.7,171.1
646,0,1,2,167.5,161.7,171.3
647,0,1,2,167.5,161.7,178.9
648,0,1,2,162.2,166.5,173.5
649,0,1,2,162.2,166.5,177.2
650,0,1,3,179.1,151.3,172.1
651,0,1,3,179.1,151.3,177.7
652,0,1,3,179.1,151.3,182.6
653,0,1,3,191.8,158.0,182.1
654,0,1,3,191.8,158.0,184.9
655,1,0,3,191.8,158.0,181.8
656,1,0,1,184.0,163.8,164.7
657,0,1,3,163.8,168.9,173.8
658,0,1,3,163.8,168.9,178.4
659,0,1,3,163.8,168.9,186.6
660,0,1,2,185.2,152.2,174.4
661,0,1,2,185.2,152.2,179.8
662,1,0,2,184.6,155.5,161.3
663,0,1,2,184.6,155.5,168.5
664,0,1,2,176.7,156.0,173.8
665,0,1,2,176.7,156.0,181.7
666,1,0,2,190.0,159.6,168.7
667,0,1,2,190.0,159.6,176.4
668,0,1,2,165.6,177.2,176.7
669,0,1,2,165.6,177.2,183.7
670,1,0,3,175.8,161.4,159.8
671,0,1,3,175.8,161.4,166.7
672,0,1,3,175.8,161.4,175.3
673,1,0,2,194.0,164.3,175.3
674,0,1,2,194.0,164.3,178.7
675,0,1,2,185.0,159.0,177.6
676,0,1,2,185.0,159.0,183.7
677,0,1,3,185.7,169.2,186.4
678,0,1,3,185.7,169.2,188.9
679,1,0,3,185.7,169.2,186.3
680,1,0,2,163.0,166.3,156.2
681,0,1,2,163.0,166.3,164.9
682,1,0,2,181.0,151.8,159.4
683,0,1,2,181.0,151.8,164.8
684,0,1,1,170.1,158.0,172.5
685,0,1,2,174.0,160.8,172.9
686,0,1,2,174.0,160.8,180.5
687,1,0,1,182.0,158.0,166.3
688,0,1,3,190.8,169.1,183.6
689,0,1,3,190.8,169.1,192.9
690,1,0,3,190.8,169.1,189.3
691,0,1,3,175.2,151.1,171.3
692,0,1,3,175.2,151.1,173.9
693,1,0,3,175.2,151.1,169.9
694,0,1,2,176.1,162.0,178.4
695,0,1,2,176.1,162.0,180.2
696,0,1,2,164.9,154.4,169.1
697,0,1,2,164.9,154.4,173.0
698,0,1,2,181.3,164.9,176.7
699,0,1,2,181.3,164.9,183.9
700,1,0,2,178.9,162.4,161.4
701,1,0,2,178.9,162.4,158.9
702,0,1,3,174.9,169.1,179.4
703,0,1,3,174.9,169.1,183.4
704,0,1,3,174.9,169.1,193.1
705,0,1,2,168.3,162.2,171.7
706,1,0,2,168.3,162.2,163.0
707,1,0,2,187.0,163.3,168.2
708,0,1,2,187.0,163.3,173.4
709,0,1,2,187.0,161.1,180.1
710,1,0,2,187.0,161.1,173.2
711,0,1,3,174.3,169.5,178.5
712,1,0,3,174.3,169.5,171.7
713,1,0,3,174.3,169.5,166.1
714,0,1,3,162.9,173.6,172.0
715,0,1,3,162.9,173.6,183.5
716,1,0,3,162.9,173.6,172.2
717,0,1,1,168.5,162.9,172.3
718,1,0,1,178.4,156.9,164.0
719,1,0,3,179.2,167.7,166.3
720,0,1,3,179.2,167.7,172.6
721,1,0,3,179.2,167.7,165.7
722,1,0,1,188.4,147.6,162.6
723,0,1,2,158.8,164.5,167.1
724,0,1,2,158.8,164.5,174.9
725,0,1,3,179.5,169.0,182.6
726,0,1,3,179.5,169.0,185.2
727,0,1,3,179.5,169.0,192.2
728,0,1,1,175.3,160.1,171.8
729,0,1,1,175.8,160.1,172.2
730,0,1,3,163.7,150.7,161.8
731,0,1,3,163.7,150.7,168.0
732,0,1,3,163.7,150.7,175.9
733,0,1,2,169.6,161.7,171.0
734,0,1,2,169.6,161.7,176.6
735,0,1,1,187.6,166.9,184.8
736,0,1,2,177.8,171.6,183.8
737,0,1,2,177.8,171.6,190.2
738,1,0,2,176.7,159.4,159.8
739,0,1,2,176.7,159.4,168.4
740,0,1,1,176.4,161.6,177.1
741,0,1,2,169.1,147.3,165.6
742,0,1,2,169.1,147.3,172.6
743,1,0,2,163.2,159.5,155.8
744,0,1,2,163.2,159.5,161.6
745,0,1,2,170.8,165.3,176.2
746,1,0,2,170.8,165.3,169.1
747,0,1,2,179.4,161.1,178.1
748,1,0,2,179.4,161.1,167.3
749,1,0,2,176.4,148.8,153.1
750,1,0,2,176.4,148.8,149.4
751,1,0,3,165.0,159.0,157.5
752,0,1,3,165.0,159.0,159.8
753,1,0,3,165.0,159.0,154.7
754,0,1,2,184.0,164.9,179.9
755,0,1,2,184.0,164.9,187.3
756,1,0,2,171.9,167.7,163.2
757,1,0,2,171.9,167.7,155.1
758,0,1,1,186.9,160.7,182.8
759,0,1,2,175.4,149.8,167.7
760,0,1,2,175.4,149.8,175.5
761,0,1,3,163.8,146.3,159.4
762,1,0,3,163.8,146.3,153.0
763,0,1,3,163.8,146.3,162.1
764,1,0,2,168.5,147.0,149.0
765,1,0,2,168.5,147.0,146.9
766,0,1,2,164.0,162.3,168.7
767,0,1,2,164.0,162.3,175.7
768,0,1,1,168.5,162.6,171.0
769,0,1,2,188.4,148.1,174.8
770,0,1,2,188.4,148.1,182.5
771,0,1,2,170.8,164.5,176.5
772,0,1,2,170.8,164.5,180.9
773,1,0,3,174.7,158.5,158.5
774,1,0,3,174.7,158.5,151.9
775,0,1,3,174.7,158.5,157.4
776,0,1,3,172.2,148.0,166.2
777,0,1,3,172.2,148.0,172.3
778,0,1,3,172.2,148.0,179.2
779,0,1,3,170.1,157.4,167.6
780,1,0,3,170.1,157.4,163.5
781,0,1,3,170.1,157.4,172.1
782,0,1,1,168.6,169.5,172.8
783,0,1,2,169.2,161.4,172.7
784,0,1,2,169.2,161.4,180.8
785,0,1,3,179.6,151.2,173.5
786,0,1,3,179.6,151.2,177.1
787,1,0,3,179.6,151.2,173.3
788,0,1,1,187.3,154.6,176.1
789,1,0,3,174.5,162.6,164.1
790,1,0,3,174.5,162.6,155.1
791,0,1,3,174.5,162.6,159.2
792,0,1,3,193.0,158.7,180.2
793,0,1,3,193.0,158.7,189.8
794,0,1,3,193.0,158.7,197.6
795,0,1,3,178.7,164.1,179.0
796,1,0,3,178.7,164.1,170.3
797,0,1,3,178.7,164.1,175.9
798,1,0,2,175.9,160.2,162.1
799,0,1,2,175.9,160.2,167.1
800,1,0,1,163.7,162.6,159.1
801,0,1,3,171.0,174.8,176.3
802,0,1,3,171.0,174.8,183.1
803,0,1,3,171.0,174.8,188.0
804,1,0,3,181.2,160.1,163.5
805,0,1,3,181.2,160.1,167.9
806,0,1,3,181.2,160.1,176.5
807,0,1,2,169.3,161.8,172.2
808,1,0,2,169.3,161.8,167.8
809,1,0,1,181.2,168.1,165.3
810,0,1,2,185.2,179.1,188.6
811,0,1,2,185.2,179.1,195.6
812,0,1,3,163.1,156.2,163.8
813,0,1,3,163.1,156.2,172.9
814,0,1,3,163.1,156.2,178.9
815,0,1,3,170.1,159.4,172.4
816,0,1,3,170.1,159.4,180.4
817,0,1,3,170.1,159.4,181.7
818,0,1,2,171.3,151.0,168.9
819,0,1,2,171.3,151.0,175.2
820,0,1,1,181.9,162.5,176.7
821,0,1,2,168.3,164.8,175.7
822,0,1,2,168.3,164.8,178.1
823,0,1,3,165.2,157.3,167.0
824,0,1,3,165.2,157.3,171.7
825,0,1,3,165.2,157.3,183.3
826,0,1,1,167.6,161.6,169.8
827,1,0,1,170.6,169.4,163.5
828,0,1,2,170.5,158.3,172.1
829,1,0,2,170.5,158.3,165.2
830,0,1,2,177.9,164.8,175.1
831,0,1,2,177.9,164.8,183.9
832,1,0,3,182.8,169.0,169.3
833,0,1,3,182.8,169.0,177.0
834,1,0,3,182.8,169.0,170.0
835,1,0,2,187.5,165.8,171.6
836,0,1,2,187.5,165.8,178.4
837,0,1,1,183.7,156.3,175.6
838,0,1,1,173.2,162.5,175.3
839,1,0,3,159.8,174.9,158.0
840,0,1,3,159.8,174.9,170.1
841,1,0,3,159.8,174.9,163.2
842,0,1,3,181.6,147.2,171.4
843,1,0,3,181.6,147.2,165.3
844,0,1,3,181.6,147.2,169.3
845,0,1,1,175.6,161.2,175.2
846,1,0,3,171.5,146.2,155.0
847,1,0,3,171.5,146.2,145.4
848,0,1,3,171.5,146.2,150.5
849,0,1,3,181.0,161.1,178.2
850,0,1,3,181.0,161.1,186.7
851,0,1,3,181.0,161.1,190.9
852,1,0,3,177.9,159.4,163.3
853,0,1,3,177.9,159.4,167.1
854,0,1,3,177.9,159.4,174.9
855,0,1,3,168.2,148.8,162.0
856,0,1,3,168.2,148.8,169.7
857,0,1,3,168.2,148.8,177.8
858,1,0,3,185.5,160.0,167.1
859,0,1,3,185.5,160.0,170.9
860,0,1,3,185.5,160.0,181.4
861,1,0,2,187.1,158.4,165.5
862,0,1,2,187.1,158.4,173.0
863,1,0,1,179.5,175.6,170.0
864,1,0,2,171.5,150.4,152.1
865,0,1,2,171.5,150.4,159.3
866,0,1,1,179.1,162.9,179.4
867,0,1,2,163.8,145.8,161.1
868,0,1,2,163.8,145.8,167.4
869,0,1,3,164.9,150.8,162.3
870,1,0,3,164.9,150.8,154.9
871,0,1,3,164.9,150.8,164.4
872,1,0,3,180.9,166.0,167.6
873,1,0,3,180.9,166.0,159.7
874,0,1,3,180.9,166.0,167.1
875,0,1,3,178.9,145.6,169.8
876,0,1,3,178.9,145.6,174.2
877,0,1,3,178.9,145.6,179.3
878,0,1,2,183.4,160.5,177.1
879,0,1,2,183.4,160.5,185.2
880,0,1,2,163.1,172.6,172.4
881,0,1,2,163.1,172.6,179.4
882,0,1,1,179.3,158.7,177.9
883,1,0,2,173.3,162.1,159.0
884,0,1,2,173.3,162.1,169.5
885,0,1,2,169.6,158.6,167.7
886,1,0,2,169.6,158.6,161.4
887,0,1,3,181.6,154.4,173.6
888,1,0,3,181.6,154.4,168.5
889,0,1,3,181.6,154.4,176.3
890,0,1,3,168.5,160.6,172.6
891,0,1,3,168.5,160.6,176.0
892,1,0,3,168.5,160.6,169.4
893,0,1,2,165.8,154.5,164.6
894,0,1,2,165.8,154.5,172.3
895,1,0,1,186.9,169.0,169.3
896,1,0,2,177.7,160.3,163.0
897,1,0,2,177.7,160.3,158.3
898,0,1,1,182.5,162.2,175.8
899,0,1,2,167.8,164.3,174.5
900,1,0,2,167.8,164.3,166.2
901,0,1,2,169.2,145.9,162.0
902,1,0,2,169.2,145.9,158.5
903,0,1,2,175.8,156.1,171.5
904,0,1,2,175.8,156.1,178.3
905,0,1,3,171.5,146.3,164.1
906,1,0,3,171.5,146.3,160.6
907,0,1,3,171.5,146.3,162.6
908,1,0,2,165.3,167.6,157.8
909,0,1,2,165.3,167.6,166.5
910,0,1,2,171.9,162.0,173.6
911,0,1,2,171.9,162.0,182.6
912,0,1,2,173.5,169.6,176.4
913,0,1,2,173.5,169.6,186.3
914,0,1,2,180.4,158.7,177.8
915,0,1,2,180.4,158.7,184.5
916,0,1,3,173.5,145.1,166.5
917,0,1,3,173.5,145.1,173.2
918,1,0,3,173.5,145.1,167.5
919,0,1,2,183.0,161.6,178.0
920,0,1,2,183.0,161.6,183.9
921,0,1,3,166.4,145.6,163.4
922,0,1,3,166.4,145.6,169.9
923,0,1,3,166.4,145.6,177.0
924,0,1,2,170.4,150.2,164.2
925,0,1,2,170.4,150.2,175.9
926,0,1,1,175.4,161.0,176.1
927,1,0,2,177.6,169.5,168.9
928,1,0,2,177.6,169.5,161.7
929,0,1,2,180.1,149.2,170.1
930,1,0,2,180.1,149.2,162.0
931,0,1,2,185.5,161.4,178.1
932,0,1,2,185.5,161.4,187.1
933,0,1,2,181.4,158.2,177.0
934,0,1,2,181.4,158.2,180.5
935,0,1,3,160.5,145.2,157.4
936,1,0,3,160.5,145.2,151.2
937,0,1,3,160.5,145.2,162.0
938,0,1,3,169.2,169.3,174.5
939,1,0,3,169.2,169.3,166.4
940,1,0,3,169.2,169.3,164.1
941,0,1,3,179.7,145.1,166.9
942,0,1,3,179.7,145.1,174.5
943,1,0,3,179.7,145.1,171.4
944,0,1,1,171.5,164.3,173.6
945,1,0,3,178.6,165.0,167.0
946,0,1,3,178.6,165.0,168.8
947,0,1,3,178.6,165.0,179.1
948,1,0,3,169.3,156.3,155.5
949,0,1,3,169.3,156.3,162.9
950,0,1,3,169.3,156.3,168.4
951,0,1,2,177.7,161.5,178.9
952,0,1,2,177.7,161.5,184.6
953,1,0,3,167.8,168.5,159.4
954,1,0,3,167.8,168.5,155.4
955,0,1,3,167.8,168.5,158.7
956,1,0,3,185.3,162.3,169.0
957,1,0,3,185.3,162.3,158.3
958,0,1,3,185.3,162.3,169.0
959,0,1,3,173.3,153.8,167.4
960,0,1,3,173.3,153.8,178.1
961,0,1,3,173.3,153.8,181.1
962,1,0,2,178.7,163.8,162.8
963,1,0,2,178.7,163.8,160.1
964,0,1,3,160.5,156.6,167.7
965,1,0,3,160.5,156.6,159.0
966,0,1,3,160.5,156.6,165.7
967,0,1,2,180.1,145.0,171.6
968,1,0,2,180.1,145.0,164.5
969,0,1,3,168.2,150.3,164.4
970,0,1,3,168.2,150.3,170.6
971,0,1,3,168.2,150.3,177.8
972,0,1,2,181.3,163.5,177.6
973,1,0,2,181.3,163.5,173.6
974,1,0,2,187.7,162.7,169.9
975,0,1,2,187.7,162.7,178.1
976,1,0,2,179.3,160.8,165.4
977,0,1,2,179.3,160.8,167.9
978,0,1,2,169.4,162.2,173.7
979,0,1,2,169.4,162.2,180.8
980,0,1,2,193.5,160.2,182.4
981,0,1,2,193.5,160.2,186.8
982,0,1,2,172.8,153.7,168.2
983,0,1,2,172.8,153.7,178.7
984,0,1,2,166.5,164.2,173.9
985,0,1,2,166.5,164.2,179.9
986,0,1,2,184.5,148.0,172.6
987,1,0,2,184.5,148.0,166.8
988,0,1,2,169.3,148.4,167.3
989,0,1,2,169.3,148.4,174.7
990,1,0,2,158.5,161.4,152.4
991,0,1,2,158.5,161.4,159.4
992,1,0,3,182.1,159.1,163.4
993,1,0,3,182.1,159.1,160.5
994,0,1,3,182.1,159.1,165.3
995,1,0,2,169.4,160.4,157.3
996,0,1,2,169.4,160.4,162.1
997,0,1,3,174.6,159.3,172.2
998,0,1,3,174.6,159.3,181.6
999,0,1,3,174.6,159.3,188.2
1000,0,1,3,178.7,167.9,178.5
1001,0,1,3,178.7,167.9,186.9
1002,1,0,3,178.7,167.9,179.3
1003,0,1,2,181.6,160.9,178.7
1004,0,1,2,181.6,160.9,184.5
1005,0,1,1,184.9,153.7,177.1
1006,1,0,2,179.0,162.0,165.0
1007,1,0,2,179.0,162.0,164.0
1008,1,0,2,173.0,161.0,173.6
1009,1,0,2,173.0,161.0,168.0
1010,1,0,2,172.0,163.0,169.0
1011,1,0,2,172.0,163.0,160.0
1012,1,0,2,173.0,155.0,159.0
1013,1,0,2,173.0,155.0,168.0
1014,1,0,2,175.0,162.0,163.0
1015,1,0,2,175.0,162.0,162.0
1016,1,0,2,172.0,165.0,169.0
1017,0,1,2,172.0,165.0,180.0
1018,1,0,2,178.0,160.0,170.0
1019,0,1,2,178.0,160.0,171.0
1020,1,0,2,168.0,167.0,156.0
1021,0,1,2,168.0,167.0,175.0
1022,1,0,3,174.0,153.0,161.0
1023,1,0,3,174.0,153.0,158.0
1024,0,1,3,174.0,153.0,177.0
1025,1,0,1,173.0,167.0,170.0
1026,1,0,3,180.0,161.0,166.0
1027,1,0,3,180.0,161.0,167.0
1028,1,0,3,180.0,161.0,172.0
1029,0,1,1,178.0,170.0,188.0
1030,0,1,1,165.0,157.0,174.0
1031,1,0,1,171.0,158.0,150.0
1032,0,1,1,167.0,167.0,176.0
1033,0,1,1,169.0,161.0,182.0
1034,1,0,2,173.0,158.0,155.0
1035,0,1,2,173.0,158.0,173.0
1036,0,1,2,174.0,159.0,180.0
1037,0,1,2,174.0,159.0,180.0
1038,0,1,1,170.0,163.0,174.0
1039,1,0,2,173.0,163.0,183.0
1040,0,1,2,173.0,163.0,167.0
1041,0,1,1,171.0,158.0,182.0
1042,1,0,2,180.0,169.0,158.0
1043,0,1,2,180.0,169.0,179.0
1044,1,0,2,182.0,162.0,166.0
1045,1,0,2,182.0,162.0,168.0
1046,0,1,1,160.0,172.0,178.0
1047,1,0,2,172.0,165.0,166.0
1048,0,1,2,172.0,165.0,180.0
1049,1,0,1,172.0,157.0,166.0
1050,0,1,1,165.0,158.0,167.0
1051,1,0,1,178.0,164.0,158.0
1052,1,0,2,185.0,165.0,167.0
1053,0,1,2,185.0,165.0,181.0
1054,1,0,2,175.0,160.0,166.0
1055,0,1,2,175.0,160.0,180.0
1056,1,0,2,173.0,163.0,167.0
1057,1,0,2,173.0,163.0,168.0
1058,0,1,1,175.0,161.0,183.0
1059,1,0,2,178.0,158.0,163.0
1060,1,0,2,178.0,158.0,168.0
1061,1,0,1,185.0,160.0,170.0
1062,1,0,1,177.0,162.0,170.0
1063,0,1,1,165.0,158.0,168.0
1064,0,1,2,167.0,171.0,176.0
1065,0,1,2,167.0,171.0,182.0
1066,1,0,2,177.0,156.0,163.0
1067,1,0,2,177.0,156.0,159.0
1068,1,0,1,175.0,161.0,163.0
1069,1,0,2,181.0,172.0,167.0
1070,0,1,2,181.0,172.0,167.0
1071,1,0,1,167.0,157.0,164.0
1072,0,1,2,171.0,156.0,182.0
1073,1,0,2,171.0,156.0,166.0
1074,1,0,3,170.0,155.0,158.0
1075,1,0,3,170.0,155.0,161.0
1076,0,1,3,170.0,155.0,178.0
1077,0,1,2,174.0,166.0,181.0
1078,0,1,2,174.0,166.0,184.0
1079,1,0,1,178.0,160.0,168.0
1080,0,1,2,174.0,168.0,175.0
1081,1,0,2,174.0,168.0,165.0
1082,0,1,2,175.0,158.0,171.0
1083,0,1,2,175.0,158.0,170.0
1084,1,0,2,173.0,165.0,163.0
1085,1,0,2,173.0,165.0,162.0
1086,1,0,1,175.0,157.0,161.0
1087,1,0,2,168.0,163.0,161.0
1088,1,0,2,168.0,163.0,158.0
1089,1,0,3,167.0,160.0,168.0
1090,1,0,3,167.0,160.0,157.0
1091,1,0,3,167.0,160.0,155.0
1092,1,0,2,165.0,159.0,167.0
1093,1,0,2,165.0,159.0,153.0
1094,1,0,1,175.0,168.0,160.0
1095,1,0,1,172.0,160.0,164.0
1096,1,0,2,170.0,160.0,165.0
1097,1,0,2,170.0,160.0,156.0
1098,1,0,2,183.0,165.0,173.0
1099,0,1,2,183.0,165.0,184.0
1100,1,0,2,176.0,164.0,171.0
1101,1,0,2,176.0,164.0,161.0
1102,1,0,3,180.0,158.0,168.0
1103,0,1,3,180.0,158.0,178.0
1104,0,1,3,180.0,158.0,185.0
1105,0,1,3,170.0,162.0,178.0
1106,1,0,3,170.0,162.0,166.0
1107,1,0,3,170.0,162.0,173.0
1108,1,0,2,169.0,158.0,163.0
1109,0,1,2,169.0,158.0,176.0
1110,1,0,1,165.0,153.0,156.0
1111,1,0,2,180.0,160.0,166.0
1112,0,1,2,180.0,160.0,176.0
1113,1,0,2,177.0,156.0,158.0
1114,1,0,2,177.0,156.0,160.0
1115,1,0,1,175.0,155.0,161.0
1116,1,0,1,179.0,170.0,172.0
1117,1,0,1,180.0,163.0,166.0
1118,1,0,1,174.0,157.0,164.0
1119,0,1,2,164.0,160.0,155.0
1120,1,0,2,164.0,160.0,175.0
1121,1,0,2,180.0,165.0,160.0
1122,1,0,2,180.0,165.0,170.0
1123,1,0,3,160.0,155.0,158.0
1124,0,1,3,160.0,155.0,175.0
1125,0,1,3,160.0,155.0,176.0
1126,0,1,2,176.0,156.0,177.0
1127,0,1,2,176.0,156.0,180.0
1128,1,0,2,175.0,155.0,167.0
1129,1,0,2,175.0,155.0,166.0
1130,0,1,2,170.0,167.0,174.8
1131,0,1,2,170.0,167.0,177.0
1132,1,0,3,173.0,156.0,162.0
1133,1,0,3,173.0,156.0,162.0
1134,1,0,3,173.0,156.0,158.0
1135,1,0,3,163.0,152.0,156.0
1136,1,0,3,163.0,152.0,158.0
1137,1,0,3,163.0,152.0,158.0
1138,1,0,2,165.0,154.0,154.0
1139,0,1,2,165.0,154.0,172.0
1140,1,0,2,174.0,161.0,163.0
1141,0,1,2,174.0,161.0,172.0
1142,1,0,3,172.0,155.0,168.0
1143,0,1,3,172.0,155.0,169.0
1144,1,0,3,172.0,155.0,172.0
1145,0,1,2,178.0,160.0,178.0
1146,1,0,2,178.0,160.0,165.0
1147,1,0,2,178.0,163.0,175.0
1148,0,1,2,178.0,163.0,182.0
1149,1,0,2,174.0,163.0,162.0
1150,0,1,2,174.0,163.0,175.0
1151,1,0,1,174.0,171.0,160.0
1152,1,0,2,176.0,163.0,164.0
1153,1,0,2,176.0,163.0,164.0
1154,0,1,1,181.0,160.0,179.0
1155,0,1,2,177.0,158.0,168.0
1156,0,1,2,177.0,158.0,173.0
1157,0,1,2,176.0,164.0,167.0
1158,1,0,2,176.0,164.0,168.0
1159,0,1,2,170.0,163.0,173.0
1160,1,0,2,170.0,163.0,165.0
1161,0,1,2,167.0,160.0,168.0
1162,1,0,2,167.0,160.0,160.0
1163,1,0,2,170.0,160.0,161.0
1164,0,1,2,170.0,160.0,172.0
1165,0,1,1,174.0,167.0,176.0
1166,1,0,2,172.0,160.0,151.0
1167,1,0,2,172.0,160.0,155.0
1168,0,1,2,168.0,163.0,174.0
1169,1,0,2,168.0,163.0,167.0
1170,1,0,1,179.0,172.0,161.0
1171,0,1,1,177.0,165.0,173.0
1172,0,1,1,170.0,158.0,174.0
1173,0,1,2,174.0,162.0,188.0
1174,0,1,2,174.0,162.0,170.0
1175,0,1,2,169.0,160.0,168.0
1176,0,1,2,169.0,160.0,171.0
1177,0,1,1,165.0,162.0,167.0
1178,0,1,1,173.0,165.0,170.0
1179,1,0,1,168.0,162.0,157.0
1180,0,1,1,180.0,163.0,178.0
1181,0,1,1,175.0,167.0,176.0
1182,0,1,1,173.0,159.0,170.0
1183,1,0,1,174.0,167.0,167.0
1184,1,0,1,173.0,166.0,163.0
1185,0,1,2,178.0,167.0,176.0
1186,0,1,2,178.0,167.0,175.0
1187,0,1,1,170.0,160.0,169.0
1188,1,0,1,173.0,161.0,158.0
1189,1,0,2,171.0,165.0,166.0
1190,0,1,2,171.0,165.0,170.0
1191,1,0,1,169.0,157.0,162.0
1192,1,0,1,175.0,162.0,163.0
1193,1,0,1,174.0,163.0,167.0
1194,0,1,1,174.0,167.0,176.0
1195,0,1,1,182.0,172.0,183.0
1196,0,1,1,176.0,166.0,180.0
1197,0,1,1,172.0,158.0,174.0
1198,0,1,1,171.0,164.0,173.0
1199,1,0,1,167.0,163.0,165.0
1200,0,1,2,175.0,170.0,175.0
1201,0,1,2,175.0,170.0,174.0
1202,0,1,1,172.0,167.0,170.0
1203,0,1,1,183.0,172.0,182.0
1204,1,0,1,176.0,166.0,163.0
1205,0,1,1,180.0,160.0,174.0
1206,0,1,2,173.0,165.0,174.0
1207,0,1,2,173.0,165.0,184.0
1208,0,1,1,172.0,160.0,182.0
1209,0,1,2,170.0,160.0,173.0
1210,1,0,2,170.0,160.0,158.0
1211,0,1,2,169.0,161.0,179.0
1212,0,1,2,169.0,161.0,173.0
1213,0,1,2,170.0,165.0,175.0
1214,1,0,2,170.0,165.0,160.0
1215,0,1,2,173.0,155.0,184.0
1216,0,1,2,173.0,155.0,176.0
1217,0,1,1,172.0,163.0,176.0
1218,0,1,2,170.0,165.0,171.0
1219,0,1,2,170.0,165.0,170.0
1220,1,0,2,173.0,164.0,166.0
1221,1,0,2,173.0,164.0,164.0
1222,0,1,3,176.0,170.0,180.0
1223,1,0,3,176.0,170.0,170.0
1224,1,0,3,176.0,170.0,163.0
1225,0,1,1,173.5,160.0,150.0
1226,0,1,2,181.0,171.0,192.0
1227,1,0,2,181.0,171.0,178.0
1228,0,1,2,168.0,164.0,174.0
1229,0,1,2,168.0,164.0,172.0
1230,0,1,2,165.0,143.0,173.0
1231,0,1,2,165.0,143.0,173.0
1232,0,1,2,174.0,166.0,168.0
1233,0,1,2,174.0,166.0,180.0
1234,0,1,1,174.5,165.0,179.0
1235,0,1,2,173.0,162.0,173.0
1236,1,0,2,173.0,162.0,155.0
1237,0,1,1,173.0,162.0,172.0
1238,0,1,2,173.0,165.0,172.7
1239,0,1,2,173.0,165.0,176.0
1240,0,1,2,165.0,159.0,168.0
1241,1,0,2,165.0,159.0,165.0
1242,0,1,2,183.0,164.0,186.0
1243,1,0,2,183.0,164.0,161.0
1244,0,1,2,175.0,158.0,175.5
1245,1,0,2,175.0,158.0,163.0
1246,0,1,2,171.0,162.0,170.0
1247,0,1,2,171.0,162.0,173.0
1248,0,1,2,173.0,160.0,177.0
1249,0,1,2,173.0,160.0,183.0
1250,0,1,3,168.0,157.0,172.0
1251,1,0,3,168.0,157.0,148.0
1252,0,1,3,168.0,157.0,177.0
1253,0,1,2,170.0,160.0,174.0
1254,1,0,2,170.0,160.0,165.0
1255,0,1,2,170.0,160.0,180.0
1256,1,0,2,170.0,160.0,165.0
1257,0,1,2,165.0,160.0,180.0
1258,0,1,2,165.0,160.0,183.0
1259,0,1,2,165.0,160.0,181.0
1260,0,1,2,165.0,160.0,182.0
1261,0,1,1,183.17,169.61,179.47
1262,1,0,2,170.79,156.07,160.26
1263,1,0,2,170.79,156.07,157.86
1264,0,1,1,179.2,164.72,174.98
1265,1,0,1,183.1,171.4,167.79
1266,1,0,2,189.96,174.59,173.79
1267,1,0,2,189.96,174.59,168.6
1268,1,0,4,177.69,160.29,170.63
1269,1,0,4,177.69,160.29,163.73
1270,0,1,4,177.69,160.29,178.72
1271,1,0,4,177.69,160.29,161.26
1272,1,0,2,183.28,167.97,169.36
1273,1,0,2,183.28,167.97,178.66
1274,1,0,4,180.7,167.45,168.91
1275,1,0,4,180.7,167.45,167.63
1276,0,1,4,180.7,167.45,185.16
1277,0,1,4,180.7,167.45,181.48
1278,1,0,3,165.15,151.04,156.6
1279,0,1,3,165.15,151.04,170.91
1280,0,1,3,165.15,151.04,169.37
1281,0,1,1,177.29,165.77,177.31
1282,0,1,4,189.55,175.15,184.06
1283,1,0,4,189.55,175.15,174.35
1284,1,0,4,189.55,175.15,170.78
1285,1,0,4,189.55,175.15,183.52
1286,1,0,1,172.44,157.21,154.53
1287,0,1,3,165.88,154.47,166.8
1288,0,1,3,165.88,154.47,166.6
1289,0,1,3,165.88,154.47,160.13
1290,0,1,2,180.87,161.1,178.47
1291,1,0,2,180.87,161.1,170.06
1292,0,1,1,168.48,154.39,171.8
1293,0,1,1,184.79,173.2,180.7
1294,0,1,2,185.59,171.87,188.61
1295,0,1,2,185.59,171.87,188.53
1296,1,0,2,171.31,159.35,164.88
1297,0,1,2,171.31,159.35,176.38
1298,1,0,1,182.91,168.92,168.18
1299,0,1,1,183.27,167.26,181.79
1300,1,0,2,177.29,168.89,167.05
1301,1,0,2,177.29,168.89,169.17
1302,0,1,1,179.52,167.08,181.63
1303,0,1,1,176.3,162.74,172.84
1304,0,1,2,165.07,152.49,166.01
1305,0,1,2,165.07,152.49,169.87
1306,1,0,2,185.78,162.93,165.55
1307,0,1,2,185.78,162.93,179.88
1308,0,1,2,177.56,163.15,175.65
1309,0,1,2,177.56,163.15,175.19
1310,0,1,2,179.88,165.65,179.11
1311,0,1,2,179.88,165.65,182.03
1312,0,1,2,177.85,165.12,176.43
1313,1,0,2,177.85,165.12,168.93
1314,0,1,3,187.54,172.93,189.98
1315,0,1,3,187.54,172.93,180.43
1316,0,1,3,187.54,172.93,182.12
1317,1,0,2,181.67,171.72,166.41
1318,1,0,2,181.67,171.72,176.66
1319,0,1,2,173.15,158.27,169.58
1320,0,1,2,173.15,158.27,185.52
1321,0,1,2,185.24,173.72,187.53
1322,1,0,2,185.24,173.72,166.3
1323,0,1,2,181.83,171.05,182.92
1324,1,0,2,181.83,171.05,171.5
1325,0,1,2,176.2,159.88,183.64
1326,0,1,2,176.2,159.88,170.43
1327,1,0,2,185.7,174.11,180.97
1328,1,0,2,185.7,174.11,175.31
1329,1,0,1,176.84,162.29,167.97
1330,1,0,2,181.96,172.49,168.19
1331,1,0,2,181.96,172.49,166.78
1332,1,0,1,166.73,152.94,151.41
1333,0,1,1,179.08,167.71,181.08
1334,0,1,4,186.27,175.92,185.5
1335,1,0,4,186.27,175.92,167.33
1336,1,0,4,186.27,175.92,182.69
1337,1,0,4,186.27,175.92,170.34
1338,1,0,4,189.19,178.22,171.33
1339,0,1,4,189.19,178.22,195.44
1340,0,1,4,189.19,178.22,192.37
1341,1,0,4,189.19,178.22,178.3
1342,0,1,2,185.76,170.59,179.81
1343,0,1,2,185.76,170.59,176.66
1344,0,1,1,176.22,162.59,178.45
1345,1,0,2,188.73,176.28,186.05
1346,1,0,2,188.73,176.28,169.56
1347,0,1,3,180.94,168.39,169.18
1348,1,0,3,180.94,168.39,159.1
1349,1,0,3,180.94,168.39,177.77
1350,0,1,1,176.97,164.05,171.71
1351,1,0,1,180.53,168.45,161.07
1352,0,1,4,184.87,174.77,191.25
1353,1,0,4,184.87,174.77,171.37
1354,1,0,4,184.87,174.77,177.43
1355,0,1,4,184.87,174.77,191.76
1356,1,0,2,169.39,157.5,165.99
1357,0,1,2,169.39,157.5,174.51
1358,0,1,1,189.43,176.23,196.33
1359,1,0,1,165.85,153.34,148.22
1360,0,1,2,170.5,154.86,163.86
1361,0,1,2,170.5,154.86,176.17
1362,0,1,3,172.39,158.55,171.77
1363,1,0,3,172.39,158.55,158.6
1364,1,0,3,172.39,158.55,162.4
1365,0,1,1,181.34,168.32,186.96
1366,0,1,2,166.91,156.4,168.87
1367,1,0,2,166.91,156.4,167.87
1368,0,1,3,184.57,174.01,186.57
1369,0,1,3,184.57,174.01,186.4
1370,0,1,3,184.57,174.01,185.94
1371,1,0,3,177.29,165.63,171.78
1372,1,0,3,177.29,165.63,178.5
1373,0,1,3,177.29,165.63,175.95
1374,0,1,3,188.03,174.1,185.13
1375,1,0,3,188.03,174.1,174.58
1376,0,1,3,188.03,174.1,187.64
1377,0,1,1,172.34,157.24,175.41
1378,0,1,3,166.02,144.59,170.36
1379,0,1,3,166.02,144.59,155.47
1380,0,1,3,166.02,144.59,155.04
1381,0,1,3,189.91,182.35,196.84
1382,0,1,3,189.91,182.35,190.72
1383,0,1,3,189.91,182.35,187.34
1384,1,0,1,187.45,177.93,175.7
1385,1,0,2,165.7,153.19,148.81
1386,0,1,2,165.7,153.19,172.35
1387,1,0,2,168.67,155.5,157.97
1388,1,0,2,168.67,155.5,162.78
1389,0,1,4,189.19,167.86,188.47
1390,1,0,4,189.19,167.86,184.18
1391,0,1,4,189.19,167.86,189.16
1392,1,0,4,189.19,167.86,170.86
1393,1,0,2,181.86,173.94,167.73
1394,1,0,2,181.86,173.94,174.54
1395,1,0,2,179.5,166.89,165.78
1396,0,1,2,179.5,166.89,175.16
1397,1,0,1,181.75,170.66,175.99
1398,1,0,4,172.02,155.18,158.6
1399,1,0,4,172.02,155.18,157.15
1400,0,1,4,172.02,155.18,173.49
1401,1,0,4,172.02,155.18,159.22
1402,1,0,1,187.31,176.48,179.88
1403,1,0,2,176.82,164.84,166.48
1404,0,1,2,176.82,164.84,170.4
1405,1,0,1,180.48,168.38,168.92
1406,1,0,2,188.75,169.29,162.77
1407,0,1,2,188.75,169.29,185.79
1408,0,1,1,185.42,172.82,195.38
1409,1,0,1,178.53,168.17,166.51
1410,1,0,2,170.52,152.11,159.48
1411,1,0,2,170.52,152.11,150.07
1412,0,1,3,189.71,180.44,194.56
1413,0,1,3,189.71,180.44,182.28
1414,0,1,3,189.71,180.44,188.44
1415,1,0,3,178.61,165.09,170.42
1416,0,1,3,178.61,165.09,172.95
1417,0,1,3,178.61,165.09,178.11
1418,0,1,3,174.83,162.87,174.62
1419,1,0,3,174.83,162.87,156.66
1420,0,1,3,174.83,162.87,181.5
1421,0,1,3,167.19,157.56,171.73
1422,0,1,3,167.19,157.56,168.13
1423,0,1,3,167.19,157.56,168.5
1424,0,1,1,188.58,173.63,193.09
1425,1,0,1,187.24,171.74,171.46
1426,0,1,1,178.8,165.32,176.72
1427,0,1,3,174.07,159.19,175.48
1428,0,1,3,174.07,159.19,168.43
1429,0,1,3,174.07,159.19,173.73
1430,1,0,2,182.6,171.07,161.52
1431,0,1,2,182.6,171.07,178.11
1432,1,0,1,171.57,158.33,157.59
1433,0,1,2,188.91,176.67,202.02
1434,0,1,2,188.91,176.67,198.29
1435,0,1,3,175.39,160.03,162.51
1436,0,1,3,175.39,160.03,172.82
1437,0,1,3,175.39,160.03,166.4
1438,1,0,1,172.15,162.67,160.71
1439,0,1,2,187.55,183.53,194.13
1440,0,1,2,187.55,183.53,189.68
1441,0,1,1,170.49,157.08,172.01
1442,1,0,1,173.14,162.2,163.74
1443,0,1,3,170.47,155.6,170.47
1444,1,0,3,170.47,155.6,152.96
1445,1,0,3,170.47,155.6,162.89
1446,0,1,1,167.26,160.08,175.5
1447,0,1,1,169.26,153.34,171.66
1448,0,1,2,174.74,163.52,175.96
1449,1,0,2,174.74,163.52,163.13
1450,0,1,1,182.78,175.19,189.88
1451,1,0,1,167.79,157.18,151.71
1452,0,1,1,163.0,157.0,167.7
1453,0,1,2,171.0,156.0,182.1
1454,1,0,2,171.0,156.0,166.0
1455,1,0,2,173.0,167.0,157.7
1456,1,0,2,173.0,167.0,165.0
1457,1,0,2,175.0,158.0,167.0
1458,1,0,2,175.0,158.0,166.0
1459,1,0,3,183.0,156.0,170.0
1460,0,1,3,183.0,156.0,180.0
1461,1,0,3,183.0,156.0,165.0
1462,1,0,3,179.1,158.7,162.6
1463,0,1,3,179.1,158.7,181.5
1464,0,1,3,179.1,158.7,180.1
1465,1,0,2,176.0,160.0,161.0
1466,0,1,2,176.0,160.0,178.0
1467,0,1,2,167.0,161.0,174.4
1468,1,0,2,167.0,161.0,162.0
1469,0,1,2,174.0,160.0,174.5
1470,1,0,2,174.0,160.0,168.3
1471,1,0,2,167.0,162.0,164.0
1472,1,0,2,167.0,162.0,159.0
1473,1,0,2,178.0,158.0,167.6
1474,1,0,2,178.0,158.0,167.0
1475,1,0,2,170.0,168.0,165.3
1476,1,0,2,170.0,168.0,157.0
1477,1,0,2,174.0,160.0,169.9
1478,1,0,2,174.0,160.0,160.0
1479,0,1,2,178.0,158.0,183.0
1480,0,1,2,178.0,158.0,179.0
1481,1,0,2,163.0,167.0,155.0
1482,0,1,2,163.0,167.0,180.0
1483,1,0,1,174.0,160.0,159.0
1484,0,1,2,170.0,159.0,176.0
1485,1,0,2,170.0,159.0,160.0
1486,1,0,2,171.0,162.0,162.0
1487,1,0,2,171.0,162.0,158.0
1488,1,0,2,174.0,160.0,154.0
1489,0,1,2,174.0,160.0,173.0
1490,1,0,1,183.0,165.0,173.0
1491,1,0,1,170.0,147.0,150.0
1492,1,0,3,173.0,163.0,157.8
1493,1,0,3,173.0,163.0,162.0
1494,1,0,3,173.0,163.0,160.8
1495,0,1,2,172.3,160.0,181.7
1496,0,1,2,172.3,160.0,173.3
1497,0,1,2,167.0,168.0,176.7
1498,1,0,2,167.0,168.0,163.0
1499,1,0,2,168.0,153.0,155.0
1500,1,0,2,168.0,153.0,152.0
1501,0,1,3,168.0,152.0,170.0
1502,0,1,3,168.0,152.0,173.0
1503,0,1,3,168.0,152.0,170.0
1504,1,0,2,176.0,163.0,158.0
1505,1,0,2,176.0,163.0,162.0
1506,1,0,1,181.0,168.0,167.6
1507,0,1,3,170.0,155.0,175.0
1508,1,0,3,170.0,155.0,165.0
1509,1,0,3,170.0,155.0,160.0
1510,1,0,1,170.0,160.0,163.0
1511,0,1,1,175.0,163.0,179.0
1512,0,1,1,174.0,154.0,179.0
1513,1,0,2,176.0,154.0,170.0
1514,0,1,2,176.0,154.0,183.0
1515,1,0,1,170.0,160.0,165.4
1516,1,0,1,170.0,160.0,163.7
1517,1,0,2,169.0,155.0,160.0
1518,1,0,2,169.0,155.0,150.0
1519,1,0,1,172.8,161.2,168.1
1520,1,0,2,178.9,156.0,158.7
1521,0,1,2,178.9,156.0,170.0
1522,1,0,1,168.0,159.0,151.8
1523,1,0,2,165.0,156.0,164.0
1524,1,0,2,165.0,156.0,161.0
1525,1,0,1,176.0,160.0,158.4
1526,0,1,1,179.0,158.0,177.0
1527,0,1,1,166.0,168.0,176.7
1528,1,0,2,168.0,158.0,155.0
1529,0,1,2,168.0,158.0,168.9
1530,1,0,1,174.0,155.0,157.0
1531,0,1,1,173.0,161.0,176.0
1532,1,0,1,170.0,155.0,166.0
1533,1,0,1,176.0,168.0,166.6
1534,1,0,1,173.0,159.0,157.8
1535,1,0,2,168.0,153.0,155.0
1536,0,1,2,168.0,153.0,178.0
1537,1,0,1,175.0,154.0,161.0
1538,1,0,1,176.0,156.0,157.0
1539,1,0,2,172.0,164.0,167.0
1540,0,1,2,172.0,164.0,178.0
1541,1,0,1,179.0,166.0,163.0
1542,1,0,2,173.0,152.0,158.7
1543,1,0,2,173.0,152.0,155.0
1544,1,0,1,175.0,161.0,163.8
1545,1,0,2,168.0,162.0,163.0
1546,0,1,2,168.0,162.0,170.0
1547,1,0,2,169.0,153.0,164.1
1548,0,1,2,169.0,153.0,170.0
1549,1,0,2,177.0,158.0,160.5
1550,1,0,2,177.0,158.0,160.5
1551,1,0,1,165.0,162.0,170.0
1552,1,0,2,169.0,171.0,164.0
1553,0,1,2,169.0,171.0,174.0
1554,1,0,1,181.0,165.0,166.0
1555,1,0,2,172.0,148.0,154.8
1556,1,0,2,172.0,148.0,154.0
1557,1,0,1,178.0,160.0,158.0
1558,1,0,2,173.7,165.0,175.0
1559,1,0,2,173.7,165.0,170.0
1560,1,0,2,175.0,163.0,165.5
1561,0,1,2,175.0,163.0,177.0
1562,0,1,2,172.4,163.8,173.2
1563,0,1,2,172.4,163.8,173.1
1564,1,0,4,178.0,154.0,160.0
1565,1,0,4,178.0,154.0,160.0
1566,0,1,4,178.0,154.0,181.0
1567,0,1,4,178.0,154.0,177.0
1568,1,0,2,170.0,150.0,157.3
1569,1,0,2,170.0,150.0,150.0
1570,1,0,2,163.0,158.0,165.4
1571,0,1,2,163.0,158.0,174.0
1572,1,0,2,170.0,163.0,158.0
1573,0,1,2,170.0,163.0,170.0
1574,1,0,1,171.0,157.0,171.2
1575,1,0,1,168.0,173.0,169.0
1576,1,0,1,170.0,158.0,152.0
1577,1,0,2,173.0,164.0,168.0
1578,0,1,2,173.0,164.0,179.0
1579,1,0,1,168.0,153.0,165.0
1580,1,0,2,171.0,166.0,166.0
1581,1,0,2,171.0,166.0,157.0
1582,1,0,2,172.0,156.0,163.0
1583,1,0,2,172.0,156.0,160.0
1584,1,0,2,170.0,157.0,158.0
1585,0,1,2,170.0,157.0,165.0
1586,1,0,1,171.0,159.0,161.7
1587,1,0,2,172.0,163.4,163.2
1588,0,1,2,172.0,163.4,178.2
1589,1,0,3,176.0,156.0,158.0
1590,1,0,3,176.0,156.0,154.0
1591,0,1,3,176.0,156.0,178.0
1592,1,0,1,180.0,159.0,161.0
1593,1,0,1,170.2,141.6,153.8
1594,1,0,1,168.9,158.3,157.4
1595,0,1,2,172.0,168.0,183.8
1596,0,1,2,172.0,168.0,181.6
1597,1,0,2,171.0,162.5,168.8
1598,1,0,2,171.0,162.5,166.0
1599,1,0,2,170.6,165.8,163.2
1600,0,1,2,170.6,165.8,173.2
1601,1,0,2,178.0,160.0,169.0
1602,0,1,2,178.0,160.0,183.0
1603,0,1,2,170.0,155.0,171.0
1604,0,1,2,170.0,155.0,169.6
1605,0,1,1,173.0,172.0,173.0
1606,1,0,1,178.0,163.0,167.3
1607,1,0,2,164.0,170.0,167.5
1608,0,1,2,164.0,170.0,174.5
1609,1,0,2,178.0,157.0,159.8
1610,0,1,2,178.0,157.0,180.0
1611,1,0,3,178.0,159.0,167.7
1612,1,0,3,178.0,159.0,163.0
1613,1,0,3,178.0,159.0,163.0
1614,0,1,1,163.0,155.0,167.0
1615,1,0,1,175.0,171.0,173.1
1616,1,0,2,172.0,155.0,148.9
1617,0,1,2,172.0,155.0,169.0
1618,1,0,1,180.0,170.0,168.0
1619,1,0,2,178.0,160.0,165.0
1620,1,0,2,178.0,160.0,162.8
1621,1,0,2,174.1,162.1,159.5
1622,0,1,2,174.1,162.1,174.5
1623,1,0,2,168.0,160.0,168.0
1624,0,1,2,168.0,160.0,176.0
1625,0,1,1,172.5,165.7,177.3
1626,1,0,1,178.0,159.0,171.0
1627,1,0,2,170.2,163.0,159.8
1628,0,1,2,170.2,163.0,170.0
1629,1,0,2,172.0,167.0,167.0
1630,0,1,2,172.0,167.0,185.0
1631,1,0,2,166.0,157.5,155.0
1632,0,1,2,166.0,157.5,173.5
1633,0,1,1,179.0,162.0,182.8
1634,1,0,4,170.0,164.0,166.0
1635,1,0,4,170.0,164.0,165.0
1636,1,0,4,170.0,164.0,162.0
1637,0,1,4,170.0,164.0,175.0
1638,1,0,2,180.0,163.0,170.0
1639,0,1,2,180.0,163.0,180.0
1640,0,1,2,171.0,165.0,181.0
1641,0,1,2,171.0,165.0,178.0
1642,1,0,4,175.0,174.0,167.0
1643,1,0,4,175.0,174.0,165.0
1644,0,1,4,175.0,174.0,183.0
1645,0,1,4,175.0,174.0,180.0
1646,0,1,2,160.0,160.0,175.0
1647,0,1,2,160.0,160.0,175.0
1648,1,0,2,170.0,156.0,163.0
1649,0,1,2,170.0,156.0,176.0
1650,0,1,2,178.0,158.0,181.1
1651,0,1,2,178.0,158.0,174.0
1652,1,0,2,172.5,158.0,158.3
1653,0,1,2,172.5,158.0,174.8
1654,1,0,3,180.0,163.0,167.0
1655,1,0,3,180.0,163.0,157.0
1656,0,1,3,180.0,163.0,171.0
1657,0,1,1,177.0,170.0,173.5
1658,1,0,1,182.0,165.0,172.1
1659,1,0,2,164.0,157.0,158.0
1660,0,1,2,164.0,157.0,169.0
1661,1,0,1,172.4,157.1,158.7
1662,1,0,2,168.4,162.8,152.3
1663,0,1,2,168.4,162.8,170.5
1664,1,0,3,173.0,164.0,166.7
1665,1,0,3,173.0,164.0,166.0
1666,1,0,3,173.0,164.0,163.0
1667,0,1,1,178.0,162.8,180.0
1668,1,0,1,168.0,155.0,152.0
1669,1,0,3,176.0,158.0,160.3
1670,0,1,3,176.0,158.0,177.0
1671,0,1,3,176.0,158.0,163.0
1672,1,0,2,170.2,157.2,163.4
1673,1,0,2,170.2,157.2,162.6
1674,1,0,2,165.0,164.0,152.0
1675,1,0,2,165.0,164.0,150.0
1676,1,0,1,173.8,156.0,162.2
1677,1,0,1,180.0,165.0,160.0
1678,0,1,2,168.0,152.0,172.0
1679,0,1,2,168.0,152.0,172.0
1680,1,0,2,175.0,160.0,164.0
1681,1,0,2,175.0,160.0,156.7
1682,1,0,2,168.0,158.0,158.0
1683,0,1,2,168.0,158.0,171.0
1684,0,1,1,173.0,163.0,183.0
1685,1,0,3,174.0,153.0,160.0
1686,1,0,3,174.0,153.0,158.0
1687,0,1,3,174.0,153.0,176.5
1688,1,0,1,173.5,162.1,161.9
1689,1,0,2,171.2,157.3,154.3
1690,0,1,2,171.2,157.3,168.5
1691,0,1,1,183.4,167.2,178.3
1692,0,1,1,174.0,163.0,179.9
1693,1,0,2,178.0,163.0,155.0
1694,0,1,2,178.0,163.0,175.0
1695,0,1,1,168.0,161.5,170.3
1696,1,0,1,172.0,168.0,164.0
1697,1,0,3,178.0,161.0,170.0
1698,1,0,3,178.0,161.0,162.0
1699,0,1,3,178.0,161.0,186.0
1700,1,0,2,178.0,152.0,157.5
1701,0,1,2,178.0,152.0,166.0
1702,0,1,1,174.0,161.0,181.0
1703,0,1,1,178.0,171.0,179.0
1704,0,1,1,167.0,159.0,167.0
1705,1,0,2,170.0,150.0,162.0
1706,0,1,2,170.0,150.0,180.0
1707,1,0,2,179.0,155.0,167.0
1708,1,0,2,179.0,155.0,163.0
1709,1,0,2,170.8,168.2,159.0
1710,0,1,2,170.8,168.2,173.8
1711,0,1,2,175.0,167.3,180.0
1712,0,1,2,175.0,167.3,172.0
1713,1,0,1,174.0,149.5,152.5
1714,1,0,1,163.0,160.0,153.0
1715,0,1,2,174.3,164.1,179.1
1716,0,1,2,174.3,164.1,176.7
1717,1,0,1,170.0,165.0,163.0
1718,1,0,1,169.8,153.0,156.0
1719,1,0,3,170.3,160.1,168.8
1720,1,0,3,170.3,160.1,162.1
1721,0,1,3,170.3,160.1,183.4
1722,1,0,1,178.0,166.0,168.0
1723,1,0,2,166.0,172.0,166.0
1724,0,1,2,166.0,172.0,170.0
1725,1,0,2,170.0,166.0,167.0
1726,1,0,2,170.0,166.0,162.0
1727,0,1,2,170.0,157.0,173.0
1728,0,1,2,170.0,157.0,171.0
1729,1,0,2,181.0,154.7,165.3
1730,1,0,2,181.0,154.7,163.0
1731,1,0,1,174.0,158.0,162.8
1732,0,1,1,169.0,163.0,178.0
1733,0,1,1,169.0,168.0,178.0
1734,1,0,1,177.0,158.0,160.4
1735,1,0,1,171.3,154.5,156.4
1736,1,0,2,176.5,153.3,159.7
1737,1,0,2,176.5,153.3,155.4
1738,0,1,1,165.3,152.9,168.8
1739,1,0,2,169.0,157.0,160.0
1740,0,1,2,169.0,157.0,165.0
1741,1,0,2,172.9,160.8,168.9
1742,1,0,2,172.9,160.8,164.3
1743,1,0,2,174.0,162.0,169.0
1744,0,1,2,174.0,162.0,170.0
1745,0,1,1,181.1,157.4,175.8
1746,0,1,2,169.0,158.0,177.0
1747,0,1,2,169.0,158.0,172.0
1748,0,1,1,171.1,160.2,168.0
1749,1,0,2,170.0,153.0,158.0
1750,0,1,2,170.0,153.0,178.0
1751,1,0,2,175.0,160.0,156.0
1752,0,1,2,175.0,160.0,178.0
1753,1,0,2,173.0,157.0,161.0
1754,0,1,2,173.0,157.0,164.0
1755,1,0,1,182.0,161.0,164.0
1756,1,0,1,173.0,156.0,155.0
1757,1,0,1,170.0,152.0,156.4
1758,1,0,2,168.0,158.0,155.0
1759,0,1,2,168.0,158.0,173.0
1760,1,0,2,176.8,163.8,169.8
1761,0,1,2,176.8,163.8,181.8
1762,0,1,2,174.0,164.0,180.0
1763,0,1,2,174.0,164.0,175.0
1764,1,0,2,179.0,154.0,163.0
1765,0,1,2,179.0,154.0,182.0
1766,1,0,2,166.6,148.2,154.7
1767,1,0,2,166.6,148.2,153.4
1768,0,1,1,175.0,160.0,172.8
1769,0,1,2,170.0,163.2,173.0
1770,0,1,2,170.0,163.2,164.0
1771,1,0,1,180.0,162.0,170.0
1772,1,0,2,179.0,148.0,168.0
1773,0,1,2,179.0,148.0,180.2
1774,0,1,2,172.0,155.0,177.0
1775,0,1,2,172.0,155.0,170.0
1776,1,0,2,179.0,161.0,158.0
1777,0,1,2,179.0,161.0,174.0
1778,1,0,1,183.0,163.0,173.6
1779,1,0,1,172.0,164.0,155.6
1780,0,1,2,180.5,155.6,176.6
1781,0,1,2,180.5,155.6,173.8
1782,1,0,3,180.0,160.0,169.0
1783,1,0,3,180.0,160.0,166.0
1784,0,1,3,180.0,160.0,178.0
1785,1,0,3,175.0,155.0,164.3
1786,1,0,3,175.0,155.0,160.3
1787,1,0,3,175.0,155.0,156.3
1788,1,0,1,173.2,158.7,163.5
1789,1,0,1,170.0,161.8,159.8
1790,1,0,2,175.8,165.2,170.0
1791,1,0,2,175.8,165.2,160.0
1792,1,0,3,162.0,163.0,157.0
1793,0,1,3,162.0,163.0,171.0
1794,0,1,3,162.0,163.0,165.0
1795,1,0,2,173.0,167.0,171.3
1796,0,1,2,173.0,167.0,178.0
1797,1,0,2,176.0,160.0,158.0
1798,0,1,2,176.0,160.0,178.0
1799,1,0,2,171.0,160.0,163.8
1800,1,0,2,171.0,160.0,163.0
1801,1,0,2,178.0,158.0,163.0
1802,1,0,2,178.0,158.0,160.0
1803,1,0,1,170.0,161.0,160.0
1804,0,1,1,185.0,161.0,181.0
1805,1,0,1,162.5,160.5,156.5
1806,1,0,1,171.6,153.4,163.0
1807,1,0,2,170.0,153.0,163.8
1808,1,0,2,170.0,153.0,158.0
1809,1,0,1,169.0,158.0,156.0
1810,0,1,1,175.3,168.0,185.2
1811,0,1,1,167.0,168.0,178.0
1812,0,1,1,167.0,168.0,178.0
1813,1,0,3,174.0,163.0,160.1
1814,1,0,3,174.0,163.0,157.0
1815,0,1,3,174.0,163.0,168.7
1816,1,0,1,180.0,159.7,155.7
1817,0,1,1,165.4,145.4,170.2
1818,1,0,1,171.0,160.0,159.0
1819,1,0,2,168.0,163.0,163.9
1820,1,0,2,168.0,163.0,160.0
1821,1,0,2,170.0,160.0,159.2
1822,1,0,2,170.0,160.0,155.0
1823,1,0,2,180.0,158.0,163.0
1824,0,1,2,180.0,158.0,180.0
1825,1,0,3,181.0,165.0,170.0
1826,1,0,3,181.0,165.0,169.7
1827,1,0,3,181.0,165.0,164.3
1828,0,1,2,165.0,160.0,177.6
1829,0,1,2,165.0,160.0,175.0
1830,1,0,2,168.0,170.0,171.0
1831,1,0,2,168.0,170.0,168.0
1832,1,0,1,178.0,162.0,168.0
1833,0,1,2,168.0,160.0,175.0
1834,0,1,2,168.0,160.0,169.8
1835,1,0,1,173.0,158.0,147.0
1836,1,0,2,180.0,170.0,175.0
1837,1,0,2,180.0,170.0,168.0
1838,1,0,3,166.0,162.0,165.8
1839,1,0,3,166.0,162.0,159.7
1840,0,1,3,166.0,162.0,183.2
1841,1,0,3,172.5,159.6,162.4
1842,1,0,3,172.5,159.6,160.2
1843,1,0,3,172.5,159.6,158.9
1844,1,0,1,174.0,155.0,148.6
1845,1,0,2,172.0,156.0,159.0
1846,1,0,2,172.0,156.0,156.0
1847,1,0,2,168.0,160.0,160.0
1848,0,1,2,168.0,160.0,170.6
1849,1,0,3,174.0,167.0,162.0
1850,0,1,3,174.0,167.0,179.0
1851,0,1,3,174.0,167.0,178.0
1852,0,1,1,170.9,160.8,170.3
1853,1,0,1,160.0,153.0,156.0
1854,1,0,1,167.0,158.0,162.0
1855,1,0,2,174.5,164.1,169.5
1856,1,0,2,174.5,164.1,155.0
1857,1,0,2,177.0,153.0,167.9
1858,0,1,2,177.0,153.0,181.0
1859,1,0,2,165.0,163.0,166.0
1860,0,1,2,165.0,163.0,168.0
1861,1,0,2,178.0,157.0,163.0
1862,1,0,2,178.0,157.0,161.0
1863,0,1,2,176.0,163.0,176.2
1864,0,1,2,176.0,163.0,175.0
1865,0,1,1,180.0,166.0,177.0
1866,1,0,1,174.5,157.3,158.7
1867,0,1,1,167.5,162.5,171.6
1868,0,1,1,164.0,154.0,171.1
1869,1,0,2,172.0,165.0,159.8
1870,0,1,2,172.0,165.0,181.0
1871,1,0,2,175.0,155.0,157.8
1872,0,1,2,175.0,155.0,173.0
1873,1,0,2,179.0,162.5,164.7
1874,1,0,2,179.0,162.5,154.3
1875,1,0,1,178.2,161.1,155.8
1876,1,0,1,168.0,158.0,161.8
1877,1,0,2,168.0,155.0,155.0
1878,0,1,2,168.0,155.0,178.0
1879,1,0,2,178.0,161.0,166.0
1880,1,0,2,178.0,161.0,158.0
1881,1,0,2,174.0,160.0,161.0
1882,0,1,2,174.0,160.0,177.0
1883,1,0,2,174.0,166.0,169.5
1884,1,0,2,174.0,166.0,163.5
1885,1,0,2,172.0,162.0,162.0
1886,0,1,2,172.0,162.0,176.0
1887,1,0,2,168.0,160.0,159.0
1888,0,1,2,168.0,160.0,173.0
1889,1,0,1,170.5,168.0,166.3
1890,1,0,2,183.5,166.4,164.6
1891,0,1,2,183.5,166.4,182.4
1892,1,0,2,180.0,156.0,163.0
1893,0,1,2,180.0,156.0,180.0
1894,0,1,2,166.0,155.0,168.8
1895,0,1,2,166.0,155.0,168.0
1896,1,0,4,170.0,163.0,164.0
1897,1,0,4,170.0,163.0,161.0
1898,1,0,4,170.0,163.0,158.0
1899,1,0,4,170.0,163.0,156.0
1900,1,0,1,168.0,165.0,158.0
1901,1,0,1,180.0,170.0,177.7
1902,0,1,1,174.0,155.0,170.0
1903,1,0,1,169.0,164.0,158.0
1904,1,0,3,173.5,159.5,157.0
1905,1,0,3,173.5,159.5,155.0
1906,0,1,3,173.5,159.5,174.5
1907,1,0,4,173.0,156.0,165.0
1908,1,0,4,173.0,156.0,162.1
1909,1,0,4,173.0,156.0,160.4
1910,0,1,4,173.0,156.0,172.0
1911,1,0,2,175.0,163.0,167.0
1912,0,1,2,175.0,163.0,184.8
1913,1,0,2,176.0,164.0,170.0
1914,1,0,2,176.0,164.0,163.0
1915,0,1,1,175.0,168.0,182.0
1916,1,0,4,174.0,154.0,164.0
1917,1,0,4,174.0,154.0,158.0
1918,1,0,4,174.0,154.0,156.0
1919,0,1,4,174.0,154.0,178.0
1920,0,1,2,176.0,167.0,183.0
1921,0,1,2,176.0,167.0,178.0
1922,1,0,1,176.0,152.0,158.7
1923,1,0,2,172.0,159.0,158.0
1924,0,1,2,172.0,159.0,174.0
1925,1,0,2,173.0,157.0,168.0
1926,1,0,2,173.0,157.0,157.0
1927,1,0,1,178.0,168.0,163.5
1928,1,0,2,175.0,163.0,160.0
1929,0,1,2,175.0,163.0,177.0
1930,1,0,2,172.0,163.0,170.7
1931,1,0,2,172.0,163.0,165.0
1932,1,0,2,178.9,169.0,167.3
1933,1,0,2,178.9,169.0,165.0
1934,1,0,2,174.5,156.0,158.9
1935,1,0,2,174.5,156.0,153.0
1936,1,0,2,177.0,165.0,164.0
1937,0,1,2,177.0,165.0,184.0
1938,1,0,1,178.0,160.0,161.0
1939,1,0,2,170.0,165.0,165.0
1940,0,1,2,170.0,165.0,181.0
1941,1,0,3,177.0,160.0,167.0
1942,1,0,3,177.0,160.0,162.0
1943,0,1,3,177.0,160.0,176.0
1944,1,0,2,168.0,155.5,157.8
1945,0,1,2,168.0,155.5,171.2
1946,1,0,2,183.0,168.0,172.3
1947,1,0,2,183.0,168.0,169.0
1948,1,0,2,169.0,164.0,157.0
1949,1,0,2,169.0,164.0,157.0
1950,1,0,1,178.0,156.0,157.0
1951,0,1,1,176.0,155.0,178.0
1952,0,1,2,181.0,167.0,184.0
1953,0,1,2,181.0,167.0,175.3
1954,1,0,2,180.0,155.0,169.2
1955,1,0,2,180.0,155.0,168.0
1956,0,1,1,169.0,150.0,164.0
1957,1,0,1,173.0,155.0,158.5
1958,1,0,2,173.1,156.8,158.3
1959,0,1,2,173.1,156.8,174.2
1960,1,0,1,172.0,152.0,161.3
1961,0,1,1,172.3,158.1,176.2
1962,1,0,2,174.0,165.0,158.0
1963,0,1,2,174.0,165.0,175.8
1964,1,0,2,170.0,163.0,172.2
1965,0,1,2,170.0,163.0,185.0
1966,1,0,2,174.0,169.0,173.0
1967,0,1,2,174.0,169.0,177.0
1968,1,0,1,174.0,159.0,161.0
1969,1,0,2,172.0,150.0,158.0
1970,0,1,2,172.0,150.0,172.0
1971,1,0,1,183.0,158.0,159.0
1972,1,0,1,173.0,163.0,160.0
1973,1,0,2,172.0,160.0,168.0
1974,1,0,2,172.0,160.0,162.0
1975,1,0,1,177.0,166.0,165.0
1976,1,0,1,181.0,166.0,162.7
1977,1,0,1,171.0,161.0,162.0
1978,1,0,1,175.0,167.0,163.5
1979,1,0,1,163.0,165.0,164.4
1980,1,0,2,171.0,169.0,168.0
1981,0,1,2,171.0,169.0,182.0
1982,0,1,1,168.0,172.0,184.0
1983,1,0,2,172.2,158.6,160.0
1984,0,1,2,172.2,158.6,172.1
1985,1,0,2,160.0,162.0,163.0
1986,1,0,2,160.0,162.0,158.0
1987,1,0,3,173.0,165.0,164.0
1988,1,0,3,173.0,165.0,160.0
1989,0,1,3,173.0,165.0,173.0
1990,1,0,2,180.0,165.0,164.0
1991,0,1,2,180.0,165.0,183.0
1992,1,0,2,175.0,160.0,158.0
1993,0,1,2,175.0,160.0,175.0
1994,1,0,1,165.0,160.0,150.0
1995,0,1,1,185.0,168.0,188.0
1996,1,0,2,172.0,153.0,159.8
1997,1,0,2,172.0,153.0,158.0
1998,1,0,2,170.0,155.0,165.8
1999,0,1,2,170.0,155.0,170.0
2000,1,0,2,181.3,162.0,168.0
2001,0,1,2,181.3,162.0,176.5
2002,0,1,1,177.7,158.0,174.4
2003,1,0,3,165.0,160.0,154.8
2004,0,1,3,165.0,160.0,172.8
2005,0,1,3,165.0,160.0,169.8
2006,1,0,2,170.0,160.0,154.0
2007,0,1,2,170.0,160.0,170.0
2008,1,0,2,170.2,155.8,158.3
2009,0,1,2,170.2,155.8,170.0
2010,1,0,2,167.0,163.0,161.7
2011,1,0,2,167.0,163.0,159.8
2012,1,0,1,181.0,163.5,166.0
2013,1,0,1,170.0,155.0,154.0
2014,1,0,2,174.8,156.4,167.2
2015,0,1,2,174.8,156.4,173.4
2016,1,0,2,175.0,158.0,164.0
2017,0,1,2,175.0,158.0,173.0
2018,1,0,2,178.0,153.0,156.1
2019,0,1,2,178.0,153.0,174.0
2020,1,0,2,170.0,158.0,164.0
2021,1,0,2,170.0,158.0,160.0
2022,0,1,1,178.0,162.0,174.5
2023,1,0,2,168.0,150.0,156.0
2024,1,0,2,168.0,150.0,151.0
2025,1,0,1,171.5,148.5,154.6
2026,1,0,2,177.0,164.0,158.0
2027,0,1,2,177.0,164.0,173.0
2028,0,1,1,169.0,160.0,173.0
2029,1,0,2,175.0,168.0,171.4
2030,0,1,2,175.0,168.0,183.0
2031,1,0,2,159.0,156.0,155.2
2032,1,0,2,159.0,156.0,154.4
2033,0,1,1,174.0,160.0,180.0
2034,1,0,1,177.0,160.0,163.0
2035,1,0,4,170.0,158.0,157.7
2036,1,0,4,170.0,158.0,154.0
2037,0,1,4,170.0,158.0,181.7
2038,0,1,4,170.0,158.0,180.5
2039,1,0,3,174.3,156.2,157.5
2040,0,1,3,174.3,156.2,185.3
2041,0,1,3,174.3,156.2,174.6
2042,1,0,2,173.0,163.0,164.8
2043,0,1,2,173.0,163.0,178.0
2044,0,1,1,172.0,162.0,174.2
2045,1,0,2,170.4,164.3,169.7
2046,1,0,2,170.4,164.3,167.8
2047,0,1,2,178.0,165.0,183.2
2048,0,1,2,178.0,165.0,178.0
2049,1,0,2,178.0,166.0,170.1
2050,1,0,2,178.0,166.0,169.0
2051,1,0,1,170.6,162.3,166.3
2052,1,0,2,170.5,155.8,153.7
2053,0,1,2,170.5,155.8,165.4
2054,1,0,2,183.0,161.0,168.0
2055,0,1,2,183.0,161.0,174.0
2056,1,0,2,168.3,163.0,161.9
2057,1,0,2,168.3,163.0,157.6
2058,1,0,1,170.0,159.0,161.0
2059,1,0,2,174.0,163.0,167.7
2060,0,1,2,174.0,163.0,184.0
2061,1,0,1,170.0,165.0,161.0
2062,1,0,1,174.0,164.0,159.7
2063,0,1,3,183.0,163.0,190.0
2064,0,1,3,183.0,163.0,180.0
2065,0,1,3,183.0,163.0,171.0
2066,1,0,2,170.0,158.0,162.0
2067,1,0,2,170.0,158.0,162.0
2068,0,1,1,175.0,165.0,170.0
2069,1,0,1,164.0,150.0,163.0
2070,1,0,2,187.0,156.0,165.0
2071,0,1,2,187.0,156.0,180.0
2072,0,1,2,165.0,158.0,174.0
2073,0,1,2,165.0,158.0,168.0
2074,1,0,2,177.0,155.0,164.0
2075,1,0,2,177.0,155.0,157.0
2076,1,0,3,168.0,163.0,163.0
2077,0,1,3,168.0,163.0,183.0
2078,0,1,3,168.0,163.0,180.0
2079,1,0,1,172.5,164.2,160.3
2080,1,0,2,185.0,164.0,169.5
2081,0,1,2,185.0,164.0,184.3
2082,1,0,1,167.0,155.0,155.0
2083,1,0,1,170.0,159.0,158.6
2084,1,0,2,165.0,160.0,163.5
2085,1,0,2,165.0,160.0,158.0
2086,0,1,2,177.0,160.0,171.0
2087,0,1,2,177.0,160.0,176.3
2088,1,0,1,172.0,155.5,160.1
2089,1,0,2,174.0,164.0,160.0
2090,1,0,2,174.0,164.0,158.0
2091,1,0,2,174.0,158.0,163.0
2092,0,1,2,174.0,158.0,169.0
2093,1,0,2,172.0,160.0,163.2
2094,0,1,2,172.0,160.0,178.0
2095,1,0,1,182.0,162.0,164.0
2096,1,0,2,168.0,151.0,162.0
2097,0,1,2,168.0,151.0,170.0
2098,1,0,2,172.3,161.2,154.0
2099,0,1,2,172.3,161.2,172.0
2100,1,0,2,167.0,162.0,164.0
2101,0,1,2,167.0,162.0,170.0
2102,1,0,2,180.0,163.0,173.0
2103,0,1,2,180.0,163.0,178.0
2104,1,0,2,181.0,159.0,161.2
2105,0,1,2,181.0,159.0,176.5
2106,1,0,1,174.3,157.0,167.4
2107,1,0,3,175.0,162.0,167.0
2108,1,0,3,175.0,162.0,164.5
2109,0,1,3,175.0,162.0,179.5
2110,1,0,1,170.0,159.0,163.7
2111,0,1,1,173.0,165.0,178.0
2112,1,0,3,174.5,158.0,163.8
2113,1,0,3,174.5,158.0,158.5
2114,0,1,3,174.5,158.0,179.7
2115,1,0,2,175.0,167.0,172.0
2116,1,0,2,175.0,167.0,163.0
2117,1,0,2,176.0,168.1,170.4
2118,0,1,2,176.0,168.1,178.4
2119,0,1,1,174.0,168.0,181.0
2120,1,0,1,179.5,165.0,168.7
2121,1,0,2,164.0,162.0,160.0
2122,0,1,2,164.0,162.0,178.0
2123,1,0,3,166.0,158.0,169.0
2124,0,1,3,166.0,158.0,170.2
2125,0,1,3,166.0,158.0,165.5
2126,1,0,1,172.0,166.0,162.5
2127,1,0,1,178.0,160.0,168.5
2128,1,0,1,177.5,150.2,158.0
2129,1,0,1,176.0,155.0,156.0
2130,1,0,2,174.0,164.0,167.0
2131,0,1,2,174.0,164.0,174.5
2132,1,0,2,168.0,158.0,160.0
2133,0,1,2,168.0,158.0,174.0
2134,1,0,3,170.0,160.0,164.0
2135,0,1,3,170.0,160.0,172.0
2136,0,1,3,170.0,160.0,171.0
2137,0,1,1,169.0,164.3,175.0
2138,1,0,3,180.0,163.0,165.0
2139,1,0,3,180.0,163.0,160.7
2140,0,1,3,180.0,163.0,170.0
2141,1,0,2,178.5,154.2,164.8
2142,0,1,2,178.5,154.2,176.3
2143,1,0,2,173.0,157.0,156.0
2144,1,0,2,173.0,157.0,153.0
2145,1,0,1,180.2,167.6,165.8
2146,1,0,1,168.0,155.0,155.4
2147,0,1,1,170.5,168.3,171.7
2148,1,0,2,172.3,159.8,162.3
2149,0,1,2,172.3,159.8,172.6
2150,1,0,1,180.0,158.0,164.0
2151,1,0,2,169.0,163.0,173.0
2152,1,0,2,169.0,163.0,162.0
2153,1,0,2,185.0,165.0,168.0
2154,0,1,2,185.0,165.0,180.0
2155,0,1,2,168.0,152.0,173.2
2156,0,1,2,168.0,152.0,171.0
2157,1,0,2,186.0,163.0,165.7
2158,0,1,2,186.0,163.0,187.6
2159,1,0,2,172.1,159.8,161.2
2160,0,1,2,172.1,159.8,172.5
2161,1,0,2,171.0,153.0,159.0
2162,1,0,2,171.0,153.0,156.0
2163,1,0,2,169.0,158.0,153.8
2164,0,1,2,169.0,158.0,178.0
2165,0,1,1,172.5,163.2,173.3
2166,0,1,1,173.0,166.0,178.5
2167,1,0,2,170.0,155.0,166.0
2168,0,1,2,170.0,155.0,177.0
2169,1,0,1,168.0,162.0,157.0
2170,1,0,3,168.0,160.0,164.0
2171,1,0,3,168.0,160.0,158.0
2172,0,1,3,168.0,160.0,173.0
2173,1,0,3,170.0,155.0,165.0
2174,1,0,3,170.0,155.0,162.0
2175,0,1,3,170.0,155.0,171.0
2176,1,0,1,172.0,158.0,164.0
2177,0,1,2,171.2,168.4,181.0
2178,0,1,2,171.2,168.4,174.4
2179,1,0,2,177.0,168.0,170.3
2180,0,1,2,177.0,168.0,180.0
2181,0,1,1,167.9,148.0,173.0
2182,1,0,3,178.0,160.0,167.0
2183,1,0,3,178.0,160.0,164.0
2184,0,1,3,178.0,160.0,163.0
2185,0,1,1,171.2,160.9,176.6
2186,1,0,3,173.0,168.0,170.0
2187,1,0,3,173.0,168.0,167.0
2188,1,0,3,173.0,168.0,164.0
2189,1,0,1,173.0,157.0,166.8
2190,1,0,1,178.2,154.3,153.1
2191,1,0,1,167.0,159.8,158.9
2192,1,0,2,178.0,163.0,170.0
2193,1,0,2,178.0,163.0,168.0
2194,0,1,1,176.0,156.0,171.0
2195,1,0,1,171.3,162.0,157.2
2196,1,0,2,181.0,168.0,163.0
2197,0,1,2,181.0,168.0,182.1
2198,0,1,1,170.0,168.0,173.5
2199,0,1,3,161.3,153.7,169.2
2200,0,1,3,161.3,153.7,168.9
2201,0,1,3,161.3,153.7,168.7
2202,1,0,2,169.0,160.0,155.0
2203,1,0,2,169.0,160.0,153.0
2204,1,0,2,165.0,157.0,160.0
2205,1,0,2,165.0,157.0,157.3
2206,1,0,1,172.0,165.0,167.8
2207,1,0,2,180.0,158.0,167.3
2208,0,1,2,180.0,158.0,185.0
2209,1,0,2,177.0,158.0,161.8
2210,0,1,2,177.0,158.0,177.0
2211,1,0,1,180.0,160.0,161.4
2212,1,0,2,173.0,156.0,160.1
2213,1,0,2,173.0,156.0,157.0
2214,1,0,1,183.0,158.0,156.2
2215,1,0,1,169.0,160.5,162.0
2216,1,0,2,163.0,152.0,167.0
2217,0,1,2,163.0,152.0,170.0
2218,1,0,2,169.8,164.3,165.1
2219,0,1,2,169.8,164.3,177.0
2220,1,0,2,172.0,162.0,160.0
2221,1,0,2,172.0,162.0,160.0
2222,1,0,2,170.0,167.0,160.1
2223,0,1,2,170.0,167.0,175.6
2224,1,0,1,174.0,166.0,168.0
2225,1,0,1,187.0,165.0,166.0
2226,1,0,1,175.0,170.0,177.8
2227,1,0,2,168.0,158.0,154.0
2228,0,1,2,168.0,158.0,170.0
2229,1,0,1,167.0,150.0,155.0
2230,1,0,2,173.0,161.2,159.0
2231,1,0,2,173.0,161.2,156.6
2232,1,0,2,173.0,162.0,168.0
2233,0,1,2,173.0,162.0,179.5
2234,1,0,2,170.0,153.0,158.1
2235,1,0,2,170.0,153.0,156.0
2236,1,0,1,173.0,158.0,163.0
2237,1,0,1,170.1,163.3,158.5
2238,1,0,1,180.3,163.8,175.7
2239,1,0,1,181.0,167.0,173.5
2240,1,0,2,167.0,158.0,165.0
2241,0,1,2,167.0,158.0,177.0
2242,1,0,1,170.3,159.6,161.4
2243,1,0,1,181.0,167.5,163.4
2244,0,1,1,167.5,165.5,176.5
2245,1,0,2,176.9,162.2,165.3
2246,1,0,2,176.9,162.2,160.2
2247,1,0,2,170.0,155.0,164.0
2248,1,0,2,170.0,155.0,163.0
2249,1,0,1,170.0,159.0,164.3
2250,1,0,2,174.0,150.0,155.0
2251,0,1,2,174.0,150.0,172.0
2252,1,0,2,182.0,160.0,167.0
2253,1,0,2,182.0,160.0,166.0
2254,1,0,2,172.0,156.0,158.0
2255,0,1,2,172.0,156.0,167.9
2256,1,0,2,175.0,151.0,155.0
2257,0,1,2,175.0,151.0,168.0
2258,1,0,2,174.0,158.0,163.5
2259,1,0,2,174.0,158.0,155.0
2260,1,0,2,174.0,154.0,160.0
2261,0,1,2,174.0,154.0,176.1
2262,1,0,2,167.0,157.0,163.0
2263,1,0,2,167.0,157.0,161.0
2264,1,0,2,172.0,164.0,159.0
2265,1,0,2,172.0,164.0,154.5
2266,1,0,2,173.0,155.0,158.5
2267,1,0,2,173.0,155.0,155.5
2268,1,0,1,171.0,162.0,155.0
2269,1,0,2,168.3,155.4,155.3
2270,1,0,2,168.3,155.4,153.0
2271,0,1,1,170.0,165.0,178.0
2272,1,0,2,176.0,167.0,170.2
2273,1,0,2,176.0,167.0,159.0
2274,1,0,2,163.0,158.0,160.0
2275,0,1,2,163.0,158.0,180.0
2276,0,1,2,173.0,160.0,180.0
2277,0,1,2,173.0,160.0,173.2
2278,1,0,2,175.0,156.0,160.0
2279,0,1,2,175.0,156.0,177.0
2280,1,0,2,165.5,165.0,158.5
2281,0,1,2,165.5,165.0,170.7
2282,1,0,2,178.0,170.0,168.0
2283,0,1,2,178.0,170.0,182.0
2284,1,0,2,168.0,157.9,156.7
2285,0,1,2,168.0,157.9,176.8
2286,1,0,4,169.2,151.3,162.1
2287,1,0,4,169.2,151.3,160.3
2288,1,0,4,169.2,151.3,157.8
2289,0,1,4,169.2,151.3,170.4
2290,0,1,1,172.0,158.0,173.0
2291,1,0,2,188.0,167.0,166.0
2292,1,0,2,188.0,167.0,166.0
2293,1,0,1,180.0,160.0,160.0
2294,1,0,1,177.0,166.0,166.0
2295,1,0,1,170.0,167.0,160.0
2296,1,0,1,178.0,177.0,166.0
2297,1,0,1,180.0,170.0,177.0
2298,1,0,3,168.0,160.0,158.0
2299,1,0,3,168.0,160.0,157.0
2300,0,1,3,168.0,160.0,174.0
2301,1,0,1,173.0,170.0,170.0
2302,1,0,3,172.1,158.5,163.7
2303,0,1,3,172.1,158.5,178.0
2304,0,1,3,172.1,158.5,175.0
2305,1,0,1,178.5,156.0,165.0
2306,1,0,1,172.0,164.0,158.3
2307,1,0,1,171.0,161.0,161.0
2308,1,0,2,174.0,156.0,160.0
2309,0,1,2,174.0,156.0,175.0
2310,1,0,1,167.0,162.0,150.0
2311,1,0,1,174.0,168.0,164.0
2312,1,0,2,180.0,160.0,164.0
2313,1,0,2,180.0,160.0,161.0
2314,1,0,1,180.0,160.0,175.0
2315,1,0,3,173.0,159.0,167.8
2316,1,0,3,173.0,159.0,167.0
2317,1,0,3,173.0,159.0,163.0
2318,0,1,2,173.2,163.4,176.7
2319,0,1,2,173.2,163.4,175.3
2320,0,1,1,180.0,167.0,183.5
2321,0,1,2,173.0,165.0,176.8
2322,0,1,2,173.0,165.0,169.0
2323,1,0,2,178.5,160.1,162.5
2324,0,1,2,178.5,160.1,180.1
2325,1,0,3,172.5,161.8,169.7
2326,1,0,3,172.5,161.8,163.4
2327,1,0,3,172.5,161.8,158.4
2328,1,0,2,176.0,158.0,163.0
2329,0,1,2,176.0,158.0,173.0
2330,1,0,2,178.0,160.0,160.0
2331,1,0,2,178.0,160.0,158.0
2332,1,0,1,168.3,159.2,159.6
2333,1,0,1,172.0,159.0,158.0
2334,1,0,2,168.0,163.0,160.0
2335,1,0,2,168.0,163.0,154.0
2336,1,0,2,185.0,158.0,159.0
2337,0,1,2,185.0,158.0,184.0
2338,1,0,2,175.0,158.0,160.0
2339,0,1,2,175.0,158.0,173.2
2340,1,0,2,170.1,162.0,160.6
2341,0,1,2,170.1,162.0,170.0
2342,0,1,2,185.5,161.3,186.1
2343,0,1,2,185.5,161.3,179.0
2344,1,0,1,176.0,166.0,168.5
2345,1,0,2,172.0,159.0,168.0
2346,1,0,2,172.0,159.0,155.0
2347,0,1,1,165.8,158.3,166.8
2348,1,0,1,168.0,167.0,165.0
2349,1,0,2,178.0,167.0,172.5
2350,1,0,2,178.0,167.0,167.5
2351,0,1,1,180.0,170.3,183.4
2352,1,0,2,167.0,164.0,160.8
2353,0,1,2,167.0,164.0,173.0
2354,0,1,2,171.0,162.0,173.6
2355,0,1,2,171.0,162.0,168.7
2356,1,0,2,173.0,165.0,167.0
2357,0,1,2,173.0,165.0,175.0
2358,1,0,1,173.0,154.0,164.0
2359,1,0,2,170.0,165.0,169.8
2360,1,0,2,170.0,165.0,163.0
2361,1,0,2,172.0,170.0,165.5
2362,0,1,2,172.0,170.0,179.6
2363,1,0,2,170.0,165.0,159.7
2364,0,1,2,170.0,165.0,189.0
2365,1,0,2,178.0,158.0,168.0
2366,0,1,2,178.0,158.0,173.0
2367,0,1,1,182.0,160.2,178.3
2368,1,0,2,171.0,163.0,159.0
2369,1,0,2,171.0,163.0,157.0
2370,1,0,1,169.0,160.3,166.6
2371,1,0,1,172.0,162.0,161.0
2372,0,1,2,175.0,165.0,180.0
2373,0,1,2,175.0,165.0,178.0
2374,1,0,1,173.0,165.0,162.0
2375,1,0,1,175.5,155.0,164.5
2376,0,1,1,171.0,162.0,168.0
2377,1,0,3,169.3,165.2,167.2
2378,1,0,3,169.3,165.2,165.8
2379,0,1,3,169.3,165.2,172.13
2380,0,1,1,179.0,163.0,180.0
2381,1,0,2,166.0,163.0,159.0
2382,0,1,2,166.0,163.0,174.0
2383,0,1,1,174.5,161.2,174.2
2384,1,0,1,173.0,164.0,169.0
2385,1,0,2,177.0,157.0,165.0
2386,1,0,2,177.0,157.0,163.0
2387,1,0,3,173.0,170.0,172.0
2388,1,0,3,173.0,170.0,168.0
2389,0,1,3,173.0,170.0,175.0
2390,1,0,3,163.0,158.0,163.0
2391,1,0,3,163.0,158.0,158.0
2392,1,0,3,163.0,158.0,152.3
2393,1,0,1,166.0,154.0,157.8
2394,1,0,2,178.0,153.0,157.8
2395,0,1,2,178.0,153.0,163.0
2396,0,1,1,178.0,166.0,175.0
2397,0,1,1,174.0,160.0,175.4
2398,1,0,2,173.0,165.0,166.0
2399,1,0,2,173.0,165.0,162.8
2400,1,0,2,184.0,160.0,165.0
2401,0,1,2,184.0,160.0,181.5
2402,1,0,1,174.0,162.0,163.0
2403,1,0,2,167.0,163.0,160.0
2404,1,0,2,167.0,163.0,159.0
2405,1,0,1,173.0,167.0,157.0
2406,1,0,1,175.0,169.8,156.3
2407,1,0,1,169.0,160.0,160.0
2408,1,0,2,175.8,165.2,171.8
2409,1,0,2,175.8,165.2,166.5
2410,1,0,2,182.4,165.6,169.4
2411,1,0,2,182.4,165.6,162.7
2412,1,0,2,181.0,163.0,171.8
2413,0,1,2,181.0,163.0,186.0
2414,0,1,1,170.0,155.0,164.0
2415,1,0,2,175.0,160.0,159.0
2416,0,1,2,175.0,160.0,177.6
2417,1,0,2,185.0,165.0,175.2
2418,1,0,2,185.0,165.0,167.0
2419,1,0,1,176.0,158.0,167.0
2420,1,0,1,172.0,152.0,158.2
2421,1,0,2,185.0,162.0,168.0
2422,1,0,2,185.0,162.0,160.0
2423,1,0,2,165.0,167.0,170.0
2424,0,1,2,165.0,167.0,174.0
2425,1,0,1,179.0,162.0,164.1
2426,0,1,2,170.0,162.0,182.0
2427,0,1,2,170.0,162.0,175.0
2428,1,0,2,170.0,160.0,156.0
2429,1,0,2,170.0,160.0,156.0
2430,1,0,1,169.0,158.0,165.0
2431,1,0,2,178.9,158.0,164.2
2432,1,0,2,178.9,158.0,162.8
2433,1,0,2,160.0,154.0,154.0
2434,0,1,2,160.0,154.0,169.0
2435,1,0,3,172.0,163.0,162.0
2436,1,0,3,172.0,163.0,159.0
2437,0,1,3,172.0,163.0,183.0
2438,1,0,1,178.0,163.0,164.0
2439,1,0,1,180.0,159.0,165.0
2440,1,0,3,163.0,154.0,156.9
2441,0,1,3,163.0,154.0,167.0
2442,0,1,3,163.0,154.0,167.0
2443,1,0,2,172.0,150.0,153.0
2444,0,1,2,172.0,150.0,170.0
2445,1,0,1,165.0,150.0,154.6
2446,1,0,2,176.0,164.0,166.0
2447,0,1,2,176.0,164.0,176.0
2448,0,1,1,172.0,154.3,169.5
2449,1,0,2,172.0,162.0,164.7
2450,1,0,2,172.0,162.0,163.4
2451,1,0,2,170.0,164.0,171.0
2452,1,0,2,170.0,164.0,161.0
2453,1,0,1,170.0,160.0,162.5
2454,1,0,1,175.0,161.0,160.0
2455,1,0,2,178.0,157.0,168.0
2456,1,0,2,178.0,157.0,159.0
2457,0,1,1,178.0,157.0,177.0
2458,0,1,1,175.2,167.5,174.5
2459,0,1,2,175.0,160.0,178.0
2460,0,1,2,175.0,160.0,173.0
2461,0,1,1,175.0,153.0,164.0
2462,1,0,1,185.0,165.0,162.0
2463,1,0,2,168.0,164.0,165.0
2464,0,1,2,168.0,164.0,171.0
2465,1,0,2,165.4,160.3,153.8
2466,0,1,2,165.4,160.3,168.8
2467,0,1,1,178.3,160.1,176.7
2468,1,0,2,171.3,152.6,156.4
2469,0,1,2,171.3,152.6,172.3
2470,1,0,1,170.0,162.4,158.0
2471,1,0,2,174.0,158.0,162.0
2472,1,0,2,174.0,158.0,156.0
2473,1,0,1,172.0,156.0,158.9
2474,1,0,3,167.0,158.0,164.0
2475,1,0,3,167.0,158.0,156.0
2476,0,1,3,167.0,158.0,183.0
2477,1,0,2,178.9,169.9,173.1
2478,0,1,2,178.9,169.9,186.8
2479,1,0,1,183.0,169.0,174.0
2480,1,0,2,174.0,150.0,152.0
2481,1,0,2,174.0,150.0,150.0
2482,1,0,2,178.0,163.0,163.0
2483,0,1,2,178.0,163.0,176.0
2484,0,1,1,175.0,170.0,180.0
2485,1,0,3,176.0,164.0,169.0
2486,1,0,3,176.0,164.0,164.0
2487,0,1,3,176.0,164.0,185.0
2488,1,0,1,174.0,154.0,153.0
2489,1,0,1,175.0,157.0,160.0
2490,1,0,2,165.0,161.0,154.0
2491,1,0,2,165.0,161.0,152.0
2492,0,1,2,172.0,158.0,177.0
2493,0,1,2,172.0,158.0,176.0
2494,1,0,2,180.0,170.0,175.0
2495,1,0,2,180.0,170.0,168.0
2496,1,0,2,167.0,154.0,160.2
2497,1,0,2,167.0,154.0,157.8
2498,1,0,2,165.0,153.0,160.0
2499,1,0,2,165.0,153.0,158.0
2500,0,1,1,177.0,163.0,185.0
2501,1,0,1,183.2,163.0,167.2
2502,1,0,1,164.0,187.0,193.0
2503,1,0,1,173.0,159.0,155.0
2504,1,0,1,181.0,167.0,164.0
2505,1,0,4,170.6,155.4,170.5
2506,1,0,4,170.6,155.4,160.9
2507,1,0,4,170.6,155.4,158.7
2508,1,0,4,170.6,155.4,156.9
2509,1,0,2,168.0,156.0,157.0
2510,1,0,2,168.0,156.0,153.0
2511,0,1,1,168.0,155.0,173.0
2512,1,0,1,178.8,166.2,167.3
2513,1,0,2,169.5,163.0,165.0
2514,0,1,2,169.5,163.0,175.0
2515,1,0,1,177.7,161.5,164.5
2516,0,1,2,173.0,163.0,184.0
2517,0,1,2,173.0,163.0,178.9
2518,1,0,2,172.0,159.0,164.5
2519,0,1,2,172.0,159.0,178.0
2520,0,1,1,178.0,162.0,175.0
2521,1,0,2,182.0,155.0,158.0
2522,0,1,2,182.0,155.0,187.0
2523,1,0,2,170.0,160.0,161.0
2524,1,0,2,170.0,160.0,156.0
2525,1,0,1,174.0,158.0,153.5
2526,1,0,2,177.0,164.0,164.8
2527,1,0,2,177.0,164.0,161.0
2528,1,0,1,174.2,160.3,162.1
2529,1,0,1,181.0,160.0,167.0
2530,1,0,2,174.0,168.0,173.0
2531,1,0,2,174.0,168.0,172.0
2532,0,1,2,180.0,169.0,180.0
2533,0,1,2,180.0,169.0,178.0
2534,0,1,1,163.0,152.0,168.4
2535,1,0,2,188.0,164.0,163.0
2536,0,1,2,188.0,164.0,180.6
2537,1,0,3,168.0,172.4,171.1
2538,1,0,3,168.0,172.4,161.0
2539,0,1,3,168.0,172.4,177.0
2540,1,0,1,174.0,157.0,161.0
2541,1,0,1,174.0,163.0,159.8
2542,1,0,2,170.0,155.0,162.0
2543,0,1,2,170.0,155.0,175.0
2544,1,0,3,159.0,152.0,155.0
2545,1,0,3,159.0,152.0,153.0
2546,1,0,3,159.0,152.0,153.0
2547,1,0,2,164.0,167.0,177.0
2548,1,0,2,164.0,167.0,156.0
2549,1,0,2,174.0,158.0,162.0
2550,0,1,2,174.0,158.0,171.2
2551,1,0,2,170.2,159.2,167.5
2552,0,1,2,170.2,159.2,169.8
2553,0,1,1,172.4,170.1,173.3
2554,1,0,2,170.0,160.0,165.0
2555,0,1,2,170.0,160.0,170.0
2556,1,0,1,168.0,160.5,161.7
2557,1,0,3,168.0,159.0,160.0
2558,1,0,3,168.0,159.0,159.0
2559,0,1,3,168.0,159.0,168.0
2560,0,1,2,168.1,158.2,165.2
2561,0,1,2,168.1,158.2,163.0
2562,1,0,3,184.0,162.0,167.0
2563,1,0,3,184.0,162.0,164.0
2564,0,1,3,184.0,162.0,183.0
2565,1,0,2,171.0,158.0,161.0
2566,0,1,2,171.0,158.0,173.6
2567,1,0,3,178.0,162.0,164.0
2568,1,0,3,178.0,162.0,162.0
2569,1,0,3,178.0,162.0,160.0
2570,1,0,3,168.3,169.5,169.1
2571,0,1,3,168.3,169.5,178.1
2572,0,1,3,168.3,169.5,172.9
2573,1,0,2,173.0,158.0,160.3
2574,0,1,2,173.0,158.0,175.0
2575,1,0,2,178.0,167.0,165.0
2576,0,1,2,178.0,167.0,179.8
2577,1,0,1,172.0,158.0,156.7
2578,0,1,1,174.0,159.0,170.0
2579,1,0,1,180.0,160.0,163.0
2580,1,0,2,173.0,160.0,169.0
2581,1,0,2,173.0,160.0,168.0
2582,1,0,1,175.0,150.0,165.0
2583,1,0,1,172.0,153.0,157.0
2584,1,0,2,178.0,166.0,166.7
2585,1,0,2,178.0,166.0,158.0
2586,1,0,2,170.0,161.0,157.0
2587,1,0,2,170.0,161.0,154.0
2588,0,1,2,173.3,150.7,175.4
2589,0,1,2,173.3,150.7,174.0
2590,1,0,1,189.7,158.7,163.0
2591,1,0,2,171.0,166.0,167.0
2592,0,1,2,171.0,166.0,178.0
2593,0,1,1,183.3,163.5,175.2
2594,1,0,2,170.0,160.0,155.0
2595,0,1,2,170.0,160.0,175.0
2596,1,0,2,170.0,160.0,158.6
2597,0,1,2,170.0,160.0,170.0
2598,0,1,1,179.0,153.0,173.0
2599,1,0,1,173.0,163.0,163.1
2600,1,0,2,178.0,154.0,157.0
2601,1,0,2,178.0,154.0,156.0
2602,0,1,1,169.2,163.2,171.1
2603,0,1,2,170.0,160.0,176.0
2604,0,1,2,170.0,160.0,175.0
2605,0,1,1,181.0,157.0,179.0
2606,0,1,1,179.1,171.0,190.8
2607,1,0,2,170.3,164.5,168.5
2608,0,1,2,170.3,164.5,178.9
2609,1,0,1,183.0,165.0,165.0
2610,1,0,2,180.0,160.0,166.9
2611,0,1,2,180.0,160.0,182.0
2612,1,0,2,163.0,168.0,166.0
2613,1,0,2,163.0,168.0,159.8
2614,0,1,1,179.0,157.0,179.2
2615,1,0,1,176.0,166.0,164.5
2616,1,0,1,173.5,160.3,163.6
2617,0,1,1,173.2,150.0,175.6
2618,1,0,2,167.0,150.0,160.3
2619,1,0,2,167.0,150.0,152.0
2620,0,1,1,174.0,167.0,180.0
2621,0,1,1,168.0,160.0,175.0
2622,0,1,1,174.0,160.0,180.0
2623,1,0,1,173.0,163.0,153.5
2624,1,0,1,180.0,168.0,157.0
2625,1,0,2,178.0,167.0,165.0
2626,1,0,2,178.0,167.0,161.0
2627,1,0,2,183.0,160.0,163.0
2628,0,1,2,183.0,160.0,185.0
2629,0,1,1,165.0,168.0,171.0
2630,0,1,2,177.0,163.0,177.0
2631,0,1,2,177.0,163.0,176.6
2632,1,0,2,169.0,156.0,160.0
2633,1,0,2,169.0,156.0,156.0
2634,1,0,1,170.0,165.0,170.0
2635,1,0,2,175.0,155.0,155.2
2636,0,1,2,175.0,155.0,172.4
2637,1,0,2,173.0,163.0,161.0
2638,1,0,2,173.0,163.0,161.0
2639,0,1,2,172.4,162.8,176.6
2640,0,1,2,172.4,162.8,173.2
2641,1,0,2,176.2,158.6,159.8
2642,0,1,2,176.2,158.6,177.6
2643,1,0,1,173.0,162.0,165.0
2644,1,0,2,177.0,160.0,171.0
2645,0,1,2,177.0,160.0,183.0
2646,0,1,2,186.0,163.0,191.0
2647,0,1,2,186.0,163.0,179.0
2648,0,1,1,171.0,170.0,176.0
2649,1,0,2,172.0,160.0,164.0
2650,0,1,2,172.0,160.0,174.0
2651,1,0,2,163.0,163.0,171.8
2652,1,0,2,163.0,163.0,165.6
2653,0,1,1,175.0,163.0,183.1
2654,1,0,1,178.0,158.0,161.0
2655,1,0,1,171.5,159.7,160.4
2656,1,0,1,170.0,158.0,164.2
2657,1,0,3,171.3,163.2,167.5
2658,1,0,3,171.3,163.2,156.3
2659,0,1,3,171.3,163.2,177.7
2660,0,1,1,186.0,165.0,189.0
2661,1,0,2,160.0,161.0,153.0
2662,0,1,2,160.0,161.0,171.0
2663,1,0,1,170.0,158.0,155.0
2664,1,0,2,169.0,160.0,166.5
2665,1,0,2,169.0,160.0,163.5
2666,1,0,3,168.0,159.0,162.0
2667,1,0,3,168.0,159.0,160.0
2668,0,1,3,168.0,159.0,174.0
2669,1,0,1,175.0,155.0,158.0
2670,0,1,1,173.0,164.0,186.0
2671,0,1,2,165.0,160.0,179.0
2672,0,1,2,165.0,160.0,172.0
2673,1,0,3,168.3,158.5,157.5
2674,1,0,3,168.3,158.5,154.6
2675,0,1,3,168.3,158.5,174.2
2676,1,0,2,170.0,163.0,161.0
2677,1,0,2,170.0,163.0,160.0
2678,1,0,2,170.0,157.0,156.0
2679,1,0,2,170.0,157.0,155.0
2680,1,0,1,168.0,158.0,158.0
2681,1,0,1,177.0,166.0,160.0
2682,1,0,2,178.0,163.0,164.5
2683,0,1,2,178.0,163.0,180.0
2684,0,1,2,180.0,158.0,181.5
2685,0,1,2,180.0,158.0,174.0
2686,0,1,1,163.5,162.1,177.7
