,Gender,Kids,Father(cm),mother(cm),Height(cm)
0,M,2,177.0,155.0,173.0
1,M,2,177.0,155.0,171.0
2,M,2,174.0,160.0,173.0
3,M,2,174.0,160.0,172.0
4,M,1,174.0,164.0,172.0
5,F,3,172.0,163.0,173.0
6,F,3,172.0,163.0,168.5
7,M,3,172.0,163.0,178.0
8,M,2,168.0,166.0,167.0
9,M,2,168.0,166.0,169.0
10,M,1,175.0,165.0,174.9
11,F,2,168.0,158.0,153.6
12,F,2,168.0,158.0,152.0
13,M,2,168.0,155.0,171.7
14,F,2,168.0,155.0,161.0
15,M,2,170.0,160.0,167.0
16,M,2,170.0,160.0,183.0
17,M,3,172.0,165.0,179.0
18,F,3,172.0,165.0,160.0
19,M,3,172.0,165.0,172.0
20,M,1,175.3,163.2,183.1
21,M,3,170.0,160.0,178.0
22,F,3,170.0,160.0,160.0
23,F,3,170.0,160.0,160.0
24,M,3,174.1,162.0,188.2
25,M,3,174.1,162.0,182.0
26,F,3,174.1,162.0,165.0
27,M,1,186.7,153.5,174.2
28,F,3,171.0,163.0,153.6
29,M,3,171.0,163.0,179.0
30,M,3,171.0,163.0,179.0
31,M,2,179.0,160.0,180.0
32,F,2,179.0,160.0,160.0
33,F,2,178.0,165.0,161.0
34,M,2,178.0,165.0,185.0
35,M,1,178.0,163.0,174.0
36,M,2,165.42,168.65,176.73
37,F,2,165.42,168.65,168.64
38,F,1,178.7,165.4,167.5
39,M,2,173.2,166.8,178.2
40,M,2,173.2,166.8,173.7
41,M,1,175.0,160.0,171.3
42,M,2,164.0,159.0,165.0
43,F,2,164.0,159.0,160.0
44,M,2,167.0,162.0,180.1
45,F,2,167.0,162.0,164.0
46,M,2,170.0,169.0,173.1
47,F,2,170.0,169.0,165.0
48,F,2,171.0,162.0,164.0
49,F,2,171.0,162.0,162.0
50,F,2,177.8,159.8,165.2
51,M,2,177.8,159.8,173.0
52,F,2,175.0,164.5,164.8
53,F,2,175.0,164.5,159.0
54,M,2,177.5,153.0,179.3
55,M,2,177.5,153.0,174.1
56,M,1,173.0,160.0,173.0
57,M,2,170.0,163.0,190.0
58,M,2,170.0,163.0,177.0
59,M,2,172.5,159.0,170.0
60,F,2,172.5,159.0,162.0
61,F,2,176.0,162.0,165.0
62,M,2,176.0,162.0,172.0
63,M,2,170.0,160.0,173.0
64,M,2,170.0,160.0,173.0
65,F,1,158.0,153.0,155.0
66,M,3,168.0,156.0,168.0
67,F,3,168.0,156.0,162.0
68,M,3,168.0,156.0,178.0
69,M,2,173.0,163.0,178.0
70,F,2,173.0,163.0,160.0
71,M,2,178.0,154.0,160.2
72,M,2,178.0,154.0,178.0
73,M,2,176.0,158.0,178.8
74,F,2,176.0,158.0,159.0
75,F,1,174.0,160.0,160.3
76,F,2,168.0,163.0,173.0
77,M,2,168.0,163.0,181.0
78,F,3,170.0,157.0,160.4
79,F,3,170.0,157.0,158.0
80,M,3,170.0,157.0,175.0
81,M,1,173.0,160.0,169.8
82,M,2,174.0,169.0,179.4
83,F,2,174.0,169.0,169.0
84,F,2,174.0,164.0,176.2
85,F,2,174.0,164.0,168.6
86,M,1,169.0,163.0,173.3
87,M,3,180.0,163.0,174.5
88,M,3,180.0,163.0,179.0
89,F,3,180.0,163.0,172.0
90,M,2,168.0,154.0,168.0
91,M,2,168.0,154.0,177.0
92,M,1,173.5,150.4,172.1
93,F,2,168.0,166.0,156.0
94,M,2,168.0,166.0,175.0
95,M,2,172.0,158.0,181.0
96,F,2,172.0,158.0,173.0
97,M,2,167.0,163.0,178.0
98,M,2,167.0,163.0,169.0
99,F,1,176.0,168.0,170.6
100,M,2,173.0,165.0,178.0
101,M,2,173.0,165.0,180.0
102,M,2,168.0,154.0,177.4
103,F,2,168.0,154.0,152.0
104,M,1,180.0,162.0,173.0
105,M,2,166.5,143.2,169.3
106,M,2,166.5,143.2,165.3
107,M,1,178.0,167.0,186.8
108,F,2,181.0,160.0,173.0
109,M,2,181.0,160.0,184.0
110,M,3,173.0,152.0,174.0
111,F,3,173.0,152.0,160.0
112,F,3,173.0,152.0,160.0
113,M,3,168.0,162.0,173.0
114,F,3,168.0,162.0,168.0
115,F,3,168.0,162.0,160.0
116,M,3,169.7,158.3,172.2
117,F,3,169.7,158.3,161.0
118,M,3,169.7,158.3,170.1
119,M,1,165.0,160.0,176.7
120,F,2,171.0,164.0,169.8
121,M,2,171.0,164.0,178.5
122,M,2,170.0,163.0,172.3
123,F,2,170.0,163.0,160.0
124,F,2,181.0,161.0,167.0
125,M,2,181.0,161.0,177.0
126,F,2,178.0,170.0,163.0
127,F,2,178.0,170.0,174.0
128,M,2,170.0,168.0,172.0
129,M,2,170.0,168.0,176.0
130,M,2,170.0,160.0,170.0
131,M,2,170.0,160.0,172.0
132,F,2,178.0,154.0,159.5
133,M,2,178.0,154.0,178.0
134,M,2,168.0,156.0,168.0
135,M,2,168.0,156.0,172.0
136,F,3,175.0,156.0,156.9
137,F,3,175.0,156.0,159.6
138,F,3,175.0,156.0,160.0
139,F,2,170.0,168.0,163.0
140,F,2,170.0,168.0,168.0
141,M,2,180.0,154.0,183.7
142,F,2,180.0,154.0,158.0
143,F,2,168.0,158.0,163.0
144,F,2,168.0,158.0,160.0
145,M,2,175.2,165.3,182.3
146,M,2,175.2,165.3,180.2
147,M,2,169.0,162.0,170.1
148,M,2,169.0,162.0,172.0
149,M,2,165.0,162.0,177.5
150,F,2,165.0,162.0,168.0
151,M,2,170.0,159.0,168.0
152,M,2,170.0,159.0,172.0
153,M,1,180.0,154.0,178.8
154,F,5,176.0,163.0,162.0
155,F,5,176.0,163.0,164.0
156,F,5,176.0,163.0,163.0
157,M,5,176.0,163.0,182.0
158,F,5,176.0,163.0,167.0
159,F,3,173.0,158.0,165.7
160,F,3,173.0,158.0,168.0
161,F,3,173.0,158.0,160.0
162,F,1,185.0,161.0,166.7
163,F,2,168.0,169.0,160.0
164,M,2,168.0,169.0,172.0
165,F,1,178.0,163.0,159.0
166,F,2,170.0,158.0,160.5
167,F,2,170.0,158.0,162.0
168,M,1,177.2,154.2,174.7
169,M,2,173.0,163.0,175.0
170,F,2,173.0,163.0,153.2
171,M,2,180.2,165.1,185.0
172,F,2,180.2,165.1,172.7
173,M,2,168.0,158.0,178.5
174,F,2,168.0,158.0,159.8
175,M,2,180.0,167.0,181.0
176,M,2,180.0,167.0,185.0
177,M,2,180.0,158.2,172.1
178,F,2,180.0,158.2,157.3
179,M,2,162.0,155.0,174.0
180,F,2,162.0,155.0,153.0
181,F,3,163.0,155.0,157.0
182,F,3,163.0,155.0,154.0
183,M,3,163.0,155.0,175.0
184,M,2,171.5,161.0,181.0
185,M,2,171.5,161.0,176.5
186,M,3,172.0,164.0,180.0
187,M,3,172.0,164.0,175.0
188,M,3,172.0,164.0,172.0
189,M,2,173.0,160.0,172.0
190,F,2,173.0,160.0,158.0
191,F,2,179.0,163.0,166.5
192,M,2,179.0,163.0,182.0
193,M,1,165.0,160.0,175.0
194,M,2,171.0,162.0,177.0
195,F,2,171.0,162.0,165.0
196,M,2,173.0,158.0,177.0
197,M,2,173.0,158.0,175.0
198,M,2,168.0,160.0,170.0
199,F,2,168.0,160.0,163.0
200,M,1,171.0,161.0,177.0
201,M,2,177.0,165.0,178.0
202,M,2,177.0,165.0,182.0
203,M,2,174.0,154.0,163.0
204,F,2,174.0,154.0,158.0
205,F,1,167.0,160.0,158.0
206,M,2,167.0,161.0,170.0
207,F,2,167.0,161.0,162.0
208,F,3,167.0,150.0,165.0
209,M,3,167.0,150.0,171.0
210,M,3,167.0,150.0,168.0
211,M,1,168.0,157.0,168.0
212,M,3,167.0,161.0,169.0
213,F,3,167.0,161.0,161.0
214,F,3,167.0,161.0,163.0
215,F,3,178.0,155.0,163.0
216,F,3,178.0,155.0,160.0
217,M,3,178.0,155.0,178.0
218,F,3,171.0,152.0,155.0
219,F,3,171.0,152.0,154.0
220,F,3,171.0,152.0,158.0
221,F,2,173.0,158.0,158.0
222,F,2,173.0,158.0,157.0
223,M,2,168.0,171.0,176.0
224,M,2,168.0,176.0,188.0
225,F,1,174.0,156.0,162.0
226,M,2,173.0,162.0,177.0
227,F,2,173.0,162.0,158.0
228,M,2,168.0,157.0,183.0
229,M,2,168.0,157.0,171.0
230,M,2,180.0,168.0,186.0
231,F,2,180.0,168.0,170.0
232,M,3,175.0,165.0,175.0
233,F,3,175.0,165.0,163.0
234,M,3,175.0,165.0,184.0
235,M,2,181.0,159.0,179.0
236,F,2,181.0,159.0,167.0
237,M,2,164.0,168.0,171.0
238,M,2,164.0,168.0,183.0
239,F,2,174.0,154.0,156.0
240,F,2,174.0,154.0,165.0
241,F,3,172.0,153.0,157.0
242,F,3,172.0,153.0,163.0
243,M,3,172.0,153.0,163.0
244,F,2,173.0,150.0,158.0
245,F,2,173.0,150.0,153.0
246,F,2,171.0,160.0,166.0
247,F,2,171.0,160.0,162.0
248,F,3,180.0,161.0,168.0
249,F,3,180.0,161.0,166.0
250,F,3,180.0,161.0,164.0
251,M,2,179.0,162.0,178.0
252,F,2,179.0,162.0,160.0
253,M,2,178.0,168.0,181.0
254,F,2,178.0,168.0,163.0
255,M,2,182.0,161.0,174.0
256,F,2,182.0,161.0,161.0
257,F,3,167.0,160.0,168.0
258,F,3,167.0,160.0,164.0
259,M,3,167.0,160.0,174.0
260,M,2,179.0,168.0,168.0
261,F,2,179.0,168.0,181.0
262,M,2,171.0,155.0,175.0
263,F,2,171.0,155.0,161.0
264,F,2,180.0,155.0,161.0
265,F,2,180.0,155.0,160.0
266,F,2,170.0,161.0,163.0
267,M,2,170.0,161.0,172.0
268,F,2,175.0,164.0,169.0
269,F,2,175.0,164.0,164.0
270,M,2,175.0,150.0,170.0
271,F,2,175.0,150.0,162.0
272,M,2,170.0,156.0,179.0
273,F,2,170.0,156.0,158.0
274,M,2,170.0,171.0,180.0
275,F,2,170.0,171.0,173.0
276,F,1,180.0,165.0,169.0
277,M,2,174.0,158.0,173.0
278,F,2,174.0,158.0,168.0
279,M,2,178.0,165.0,190.0
280,M,2,178.0,165.0,187.0
281,M,2,178.0,159.0,188.0
282,M,2,178.0,159.0,178.0
283,M,2,171.0,156.0,172.0
284,M,2,171.0,156.0,172.0
285,M,2,165.0,155.0,173.0
286,F,2,165.0,155.0,160.0
287,M,2,175.0,156.0,167.0
288,M,2,175.0,156.0,172.0
289,M,2,169.0,165.0,172.0
290,F,2,169.0,165.0,159.0
291,M,3,171.0,161.0,169.0
292,M,3,171.0,161.0,178.0
293,F,3,171.0,161.0,164.0
294,F,2,183.0,163.0,164.0
295,F,2,183.0,163.0,170.0
296,M,2,157.0,163.0,178.0
297,F,2,157.0,163.0,155.0
298,M,1,165.0,157.0,168.0
299,M,2,175.0,158.0,178.0
300,M,2,175.0,158.0,183.0
301,M,1,178.0,170.0,183.0
302,M,2,176.0,157.0,179.0
303,M,2,176.0,157.0,173.0
304,M,2,172.0,153.0,176.0
305,F,2,172.0,153.0,156.0
306,M,2,182.0,152.0,172.0
307,F,2,182.0,152.0,162.0
308,M,3,180.0,162.0,177.0
309,F,3,180.0,162.0,163.0
310,M,3,180.0,162.0,175.0
311,M,1,175.0,165.0,179.0
312,M,2,170.0,161.0,167.0
313,M,2,170.0,161.0,169.0
314,M,2,178.0,164.0,185.0
315,F,2,178.0,164.0,158.0
316,M,2,177.0,160.0,175.0
317,M,2,177.0,160.0,178.0
318,F,2,174.0,160.0,166.0
319,F,2,174.0,160.0,167.0
320,F,2,170.0,157.0,160.0
321,F,2,170.0,157.0,160.0
322,F,2,174.0,159.0,158.0
323,M,2,174.0,159.0,178.0
324,F,2,187.0,165.0,176.0
325,F,2,187.0,165.0,170.0
326,F,3,169.0,153.0,156.0
327,F,3,169.0,153.0,160.0
328,F,3,169.0,153.0,166.0
329,F,1,175.0,150.0,155.0
330,F,2,175.0,167.0,163.0
331,M,2,175.0,167.0,173.0
332,M,2,180.0,158.0,179.0
333,F,2,180.0,158.0,160.0
334,F,2,172.0,150.0,167.0
335,M,2,172.0,150.0,180.0
336,F,1,173.0,158.0,160.0
337,M,1,165.0,156.0,167.0
338,M,2,174.0,167.0,177.0
339,M,2,174.0,167.0,177.0
340,M,2,170.0,160.0,180.0
341,F,2,170.0,160.0,156.0
342,M,2,172.0,155.0,175.0
343,F,2,172.0,155.0,164.0
344,M,2,165.0,160.0,178.0
345,F,2,165.0,160.0,160.0
346,M,1,160.0,160.0,180.0
347,M,2,165.0,160.0,171.0
348,M,2,165.0,160.0,177.0
349,M,1,171.0,157.0,184.0
350,M,2,170.0,169.0,175.0
351,F,2,170.0,169.0,153.0
352,M,4,174.0,152.0,174.0
353,M,4,174.0,152.0,173.0
354,F,4,174.0,152.0,160.0
355,F,4,174.0,152.0,163.0
356,F,2,170.0,160.0,167.0
357,M,2,170.0,160.0,182.0
358,M,2,178.0,163.0,183.0
359,F,2,178.0,163.0,169.0
360,M,2,175.0,150.0,177.0
361,F,2,175.0,150.0,152.0
362,M,2,185.0,155.0,174.0
363,F,2,185.0,155.0,169.0
364,M,2,175.0,165.0,177.0
365,F,2,175.0,165.0,163.0
366,F,3,160.0,162.0,150.0
367,F,3,160.0,162.0,160.0
368,M,3,160.0,162.0,168.0
369,M,1,174.0,165.0,174.0
370,F,3,171.0,156.0,160.0
371,M,3,171.0,156.0,172.0
372,F,3,171.0,156.0,159.0
373,M,2,168.0,155.0,175.0
374,F,2,168.0,155.0,163.0
375,F,2,163.0,165.0,161.0
376,M,2,163.0,165.0,180.0
377,M,2,173.0,165.0,178.0
378,M,2,173.0,165.0,186.0
379,F,2,167.0,153.0,172.0
380,M,2,167.0,153.0,160.0
381,F,2,165.0,148.0,153.0
382,F,2,165.0,148.0,163.0
383,F,2,171.0,155.0,175.0
384,F,2,171.0,155.0,158.0
385,F,2,160.0,155.0,158.0
386,F,2,160.0,155.0,159.0
387,F,3,164.0,158.0,158.0
388,F,3,164.0,158.0,163.0
389,M,3,164.0,158.0,168.0
390,M,2,170.0,153.0,173.0
391,M,2,170.0,153.0,175.0
392,F,3,174.0,166.0,150.0
393,F,3,174.0,166.0,165.0
394,M,3,174.0,166.0,178.0
395,F,3,173.0,163.0,167.0
396,M,3,173.0,163.0,182.0
397,F,3,173.0,163.0,170.0
398,M,2,178.0,165.0,182.0
399,M,2,178.0,165.0,183.0
400,M,2,175.0,160.0,176.0
401,M,2,175.0,160.0,172.0
402,F,3,178.0,163.0,163.0
403,M,3,178.0,163.0,181.0
404,F,3,178.0,163.0,168.0
405,F,3,174.0,164.0,167.0
406,F,3,174.0,164.0,168.0
407,M,3,174.0,164.0,184.0
408,F,2,176.0,155.0,161.0
409,F,2,176.0,155.0,163.0
410,M,2,172.0,156.0,173.0
411,F,2,172.0,156.0,158.0
412,M,2,168.0,160.0,175.0
413,M,2,168.0,160.0,178.0
414,F,3,172.0,155.0,165.0
415,F,3,172.0,155.0,167.0
416,F,3,172.0,155.0,155.0
417,M,2,165.0,165.0,178.0
418,M,2,165.0,165.0,175.0
419,F,2,173.0,158.0,155.0
420,F,2,173.0,158.0,156.0
421,M,2,178.0,171.0,187.0
422,F,2,178.0,171.0,176.0
423,F,2,167.0,163.0,157.0
424,F,2,167.0,163.0,160.0
425,F,3,178.0,166.0,168.0
426,F,3,178.0,166.0,165.0
427,M,3,178.0,166.0,187.0
428,F,2,167.0,152.0,161.0
429,M,2,167.0,152.0,170.0
430,F,2,173.0,162.0,165.0
431,F,2,173.0,162.0,163.0
432,F,2,169.0,155.0,155.0
433,F,2,169.0,155.0,155.0
434,F,3,175.0,168.0,163.0
435,M,3,175.0,168.0,177.0
436,M,3,175.0,168.0,177.0
437,F,1,178.0,163.0,164.0
438,F,2,180.0,157.0,163.0
439,M,2,180.0,157.0,178.0
440,F,1,172.0,158.0,162.0
441,F,2,173.0,162.0,163.0
442,M,2,173.0,162.0,174.0
443,M,2,175.0,165.0,178.0
444,M,2,175.0,165.0,176.0
445,F,2,160.0,160.0,156.0
446,M,2,160.0,160.0,173.0
447,M,2,178.0,165.0,177.0
448,F,2,178.0,165.0,167.0
449,F,2,164.0,165.0,158.0
450,M,2,164.0,165.0,167.0
451,F,2,178.0,158.0,164.0
452,M,2,178.0,158.0,185.0
453,F,3,170.0,159.0,163.0
454,F,3,170.0,159.0,159.0
455,F,3,170.0,159.0,165.0
456,M,2,176.0,164.0,178.0
457,M,2,176.0,164.0,185.0
458,M,2,172.0,166.0,175.0
459,M,2,172.0,166.0,176.0
460,F,3,173.0,158.0,165.0
461,F,3,173.0,158.0,157.0
462,F,3,173.0,158.0,162.0
463,M,2,182.0,160.0,186.0
464,M,2,182.0,160.0,180.0
465,M,2,175.0,168.0,177.0
466,M,2,175.0,168.0,177.0
467,F,3,172.0,154.0,162.0
468,F,3,172.0,154.0,162.0
469,F,3,172.0,154.0,162.0
470,M,2,177.0,157.0,174.0
471,M,2,177.0,157.0,180.0
472,F,2,171.0,164.0,156.0
473,M,2,171.0,164.0,182.0
474,M,1,173.0,163.0,187.0
475,M,2,168.0,155.0,173.0
476,F,2,168.0,155.0,160.0
477,M,2,168.0,160.0,179.0
478,M,2,168.0,160.0,177.0
479,F,2,172.0,158.0,162.0
480,M,2,172.0,158.0,175.0
481,F,2,185.0,164.0,160.0
482,M,2,185.0,164.0,182.0
483,F,1,176.0,154.0,167.0
484,F,2,173.0,160.0,166.0
485,F,2,173.0,160.0,163.0
486,F,1,172.0,168.0,167.0
487,M,2,172.0,158.0,173.0
488,M,2,172.0,158.0,172.0
489,M,2,168.0,158.0,179.0
490,F,2,168.0,158.0,154.0
491,F,2,170.0,159.0,159.0
492,F,2,170.0,159.0,158.0
493,F,3,175.0,160.0,155.0
494,F,3,175.0,160.0,156.0
495,M,3,175.0,160.0,173.0
496,M,2,183.0,160.0,184.0
497,F,2,183.0,160.0,170.0
498,F,2,178.0,160.0,161.0
499,F,2,178.0,160.0,160.0
500,F,2,168.0,157.0,164.0
501,F,2,168.0,157.0,158.0
502,F,2,184.0,168.0,166.0
503,M,2,184.0,168.0,187.0
504,F,2,178.0,157.0,163.0
505,F,2,178.0,157.0,159.0
506,F,2,175.0,165.0,160.0
507,F,2,175.0,165.0,158.0
508,F,2,178.0,160.0,164.0
509,F,2,178.0,160.0,171.0
510,F,2,174.0,156.0,157.0
511,F,2,174.0,156.0,162.0
512,F,2,173.0,168.0,170.0
513,M,2,173.0,168.0,178.0
514,M,1,183.0,163.0,180.0
515,M,2,179.0,171.0,178.0
516,F,2,179.0,171.0,163.0
517,F,2,171.0,163.0,165.0
518,M,2,171.0,163.0,174.0
519,F,3,174.0,164.0,173.0
520,M,3,174.0,164.0,175.0
521,F,3,174.0,164.0,165.0
522,F,3,176.0,158.0,157.0
523,F,3,176.0,158.0,156.0
524,M,3,176.0,158.0,174.0
525,F,2,184.0,163.0,166.0
526,M,2,184.0,163.0,178.0
527,F,2,177.0,157.0,158.0
528,M,2,177.0,157.0,178.0
529,F,2,170.0,151.0,158.0
530,F,2,170.0,151.0,154.0
531,F,1,174.0,160.0,163.0
532,F,2,171.0,152.0,165.0
533,F,2,171.0,152.0,158.0
534,F,2,170.0,156.0,158.0
535,M,2,170.0,156.0,178.0
536,M,2,175.0,165.0,180.0
537,M,3,175.0,165.0,180.0
538,F,3,175.0,158.0,164.0
539,F,3,175.0,158.0,160.0
540,M,3,175.0,158.0,180.0
541,M,2,183.0,164.0,175.0
542,F,3,172.0,160.0,170.0
543,F,3,172.0,160.0,162.0
544,M,3,172.0,160.0,178.0
545,M,1,172.0,159.0,171.0
546,M,2,181.0,160.0,177.0
547,M,2,181.0,160.0,180.0
548,M,2,177.0,159.0,180.0
549,F,2,177.0,159.0,167.0
550,F,2,172.0,160.0,163.0
551,M,2,172.0,160.0,175.0
552,M,1,180.0,154.0,180.0
553,M,1,170.0,158.0,175.0
554,F,2,173.0,155.0,164.0
555,M,2,173.0,155.0,174.0
556,F,2,179.0,155.0,169.0
557,M,2,179.0,155.0,173.0
558,F,3,166.0,161.0,161.0
559,M,3,166.0,161.0,174.0
560,F,3,166.0,161.0,159.0
561,F,2,172.0,164.0,168.0
562,M,2,172.0,164.0,174.0
563,M,1,167.0,158.0,174.0
564,M,2,188.0,165.0,186.0
565,F,2,188.0,165.0,173.0
566,M,2,177.0,159.0,174.0
567,F,2,177.0,159.0,160.0
568,M,2,168.0,164.0,169.0
569,F,2,168.0,164.0,170.0
570,M,1,165.0,150.0,172.0
571,F,1,177.0,160.0,171.0
572,F,2,179.0,155.0,165.0
573,M,2,179.0,155.0,181.0
574,M,3,186.0,163.0,180.0
575,F,3,186.0,163.0,161.0
576,F,3,186.0,163.0,164.0
577,M,2,163.0,157.0,177.0
578,M,2,163.0,157.0,172.0
579,F,2,174.0,152.0,171.0
580,F,2,174.0,152.0,164.0
581,F,1,172.0,162.0,168.0
582,M,2,178.0,165.0,179.0
583,F,2,178.0,165.0,163.0
584,F,2,173.0,160.0,169.0
585,F,2,173.0,160.0,158.0
586,M,2,170.0,170.0,174.0
587,M,2,170.0,170.0,184.0
588,F,1,181.0,168.0,168.0
589,F,2,171.0,154.0,160.0
590,M,2,171.0,154.0,170.0
591,M,1,181.8,167.0,178.2
592,M,2,187.2,160.9,180.6
593,F,2,187.2,160.9,176.4
594,F,2,174.3,159.4,158.8
595,M,2,174.3,159.4,168.0
596,M,2,165.0,166.3,174.1
597,M,2,165.0,166.3,180.1
598,F,2,176.7,165.0,163.7
599,F,2,176.7,165.0,155.5
600,M,3,175.5,154.8,169.2
601,M,3,175.5,154.8,177.2
602,F,3,175.5,154.8,168.8
603,F,3,161.6,146.3,144.5
604,M,3,161.6,146.3,154.6
605,M,3,161.6,146.3,159.1
606,M,2,177.2,158.6,172.6
607,M,2,177.2,158.6,178.7
608,M,3,175.2,161.3,172.8
609,M,3,175.2,161.3,179.6
610,F,3,175.2,161.3,177.4
611,M,2,177.4,159.1,177.7
612,M,2,177.4,159.1,181.0
613,M,3,175.3,153.2,169.0
614,F,3,175.3,153.2,164.7
615,F,3,175.3,153.2,155.8
616,F,2,176.6,156.2,160.4
617,F,2,176.6,156.2,153.1
618,M,2,172.0,151.0,168.3
619,M,2,172.0,151.0,171.8
620,M,2,181.1,158.9,174.8
621,F,2,181.1,158.9,168.3
622,F,1,175.2,162.7,162.8
623,F,3,183.4,159.4,164.4
624,F,3,183.4,159.4,158.7
625,M,3,183.4,159.4,162.2
626,F,2,183.2,151.8,161.9
627,M,2,183.2,151.8,167.5
628,F,2,161.9,154.4,150.3
629,M,2,161.9,154.4,158.8
630,M,2,186.7,158.6,180.3
631,M,2,186.7,158.6,185.1
632,M,2,170.2,158.3,169.9
633,M,2,170.2,158.3,176.6
634,M,2,180.1,167.3,182.1
635,F,2,180.1,167.3,175.6
636,F,3,183.5,158.0,162.7
637,F,3,183.5,158.0,155.6
638,F,3,183.5,158.0,150.3
639,M,2,173.2,153.6,169.3
640,F,2,173.2,153.6,163.8
641,M,2,177.7,163.4,179.4
642,F,2,177.7,163.4,171.2
643,M,2,167.6,159.7,167.4
644,F,2,167.6,159.7,163.0
645,F,1,184.8,169.7,171.1
646,M,2,167.5,161.7,171.3
647,M,2,167.5,161.7,178.9
648,M,2,162.2,166.5,173.5
649,M,2,162.2,166.5,177.2
650,M,3,179.1,151.3,172.1
651,M,3,179.1,151.3,177.7
652,M,3,179.1,151.3,182.6
653,M,3,191.8,158.0,182.1
654,M,3,191.8,158.0,184.9
655,F,3,191.8,158.0,181.8
656,F,1,184.0,163.8,164.7
657,M,3,163.8,168.9,173.8
658,M,3,163.8,168.9,178.4
659,M,3,163.8,168.9,186.6
660,M,2,185.2,152.2,174.4
661,M,2,185.2,152.2,179.8
662,F,2,184.6,155.5,161.3
663,M,2,184.6,155.5,168.5
664,M,2,176.7,156.0,173.8
665,M,2,176.7,156.0,181.7
666,F,2,190.0,159.6,168.7
667,M,2,190.0,159.6,176.4
668,M,2,165.6,177.2,176.7
669,M,2,165.6,177.2,183.7
670,F,3,175.8,161.4,159.8
671,M,3,175.8,161.4,166.7
672,M,3,175.8,161.4,175.3
673,F,2,194.0,164.3,175.3
674,M,2,194.0,164.3,178.7
675,M,2,185.0,159.0,177.6
676,M,2,185.0,159.0,183.7
677,M,3,185.7,169.2,186.4
678,M,3,185.7,169.2,188.9
679,F,3,185.7,169.2,186.3
680,F,2,163.0,166.3,156.2
681,M,2,163.0,166.3,164.9
682,F,2,181.0,151.8,159.4
683,M,2,181.0,151.8,164.8
684,M,1,170.1,158.0,172.5
685,M,2,174.0,160.8,172.9
686,M,2,174.0,160.8,180.5
687,F,1,182.0,158.0,166.3
688,M,3,190.8,169.1,183.6
689,M,3,190.8,169.1,192.9
690,F,3,190.8,169.1,189.3
691,M,3,175.2,151.1,171.3
692,M,3,175.2,151.1,173.9
693,F,3,175.2,151.1,169.9
694,M,2,176.1,162.0,178.4
695,M,2,176.1,162.0,180.2
696,M,2,164.9,154.4,169.1
697,M,2,164.9,154.4,173.0
698,M,2,181.3,164.9,176.7
699,M,2,181.3,164.9,183.9
700,F,2,178.9,162.4,161.4
701,F,2,178.9,162.4,158.9
702,M,3,174.9,169.1,179.4
703,M,3,174.9,169.1,183.4
704,M,3,174.9,169.1,193.1
705,M,2,168.3,162.2,171.7
706,F,2,168.3,162.2,163.0
707,F,2,187.0,163.3,168.2
708,M,2,187.0,163.3,173.4
709,M,2,187.0,161.1,180.1
710,F,2,187.0,161.1,173.2
711,M,3,174.3,169.5,178.5
712,F,3,174.3,169.5,171.7
713,F,3,174.3,169.5,166.1
714,M,3,162.9,173.6,172.0
715,M,3,162.9,173.6,183.5
716,F,3,162.9,173.6,172.2
717,M,1,168.5,162.9,172.3
718,F,1,178.4,156.9,164.0
719,F,3,179.2,167.7,166.3
720,M,3,179.2,167.7,172.6
721,F,3,179.2,167.7,165.7
722,F,1,188.4,147.6,162.6
723,M,2,158.8,164.5,167.1
724,M,2,158.8,164.5,174.9
725,M,3,179.5,169.0,182.6
726,M,3,179.5,169.0,185.2
727,M,3,179.5,169.0,192.2
728,M,1,175.3,160.1,171.8
729,M,1,175.8,160.1,172.2
730,M,3,163.7,150.7,161.8
731,M,3,163.7,150.7,168.0
732,M,3,163.7,150.7,175.9
733,M,2,169.6,161.7,171.0
734,M,2,169.6,161.7,176.6
735,M,1,187.6,166.9,184.8
736,M,2,177.8,171.6,183.8
737,M,2,177.8,171.6,190.2
738,F,2,176.7,159.4,159.8
739,M,2,176.7,159.4,168.4
740,M,1,176.4,161.6,177.1
741,M,2,169.1,147.3,165.6
742,M,2,169.1,147.3,172.6
743,F,2,163.2,159.5,155.8
744,M,2,163.2,159.5,161.6
745,M,2,170.8,165.3,176.2
746,F,2,170.8,165.3,169.1
747,M,2,179.4,161.1,178.1
748,F,2,179.4,161.1,167.3
749,F,2,176.4,148.8,153.1
750,F,2,176.4,148.8,149.4
751,F,3,165.0,159.0,157.5
752,M,3,165.0,159.0,159.8
753,F,3,165.0,159.0,154.7
754,M,2,184.0,164.9,179.9
755,M,2,184.0,164.9,187.3
756,F,2,171.9,167.7,163.2
757,F,2,171.9,167.7,155.1
758,M,1,186.9,160.7,182.8
759,M,2,175.4,149.8,167.7
760,M,2,175.4,149.8,175.5
761,M,3,163.8,146.3,159.4
762,F,3,163.8,146.3,153.0
763,M,3,163.8,146.3,162.1
764,F,2,168.5,147.0,149.0
765,F,2,168.5,147.0,146.9
766,M,2,164.0,162.3,168.7
767,M,2,164.0,162.3,175.7
768,M,1,168.5,162.6,171.0
769,M,2,188.4,148.1,174.8
770,M,2,188.4,148.1,182.5
771,M,2,170.8,164.5,176.5
772,M,2,170.8,164.5,180.9
773,F,3,174.7,158.5,158.5
774,F,3,174.7,158.5,151.9
775,M,3,174.7,158.5,157.4
776,M,3,172.2,148.0,166.2
777,M,3,172.2,148.0,172.3
778,M,3,172.2,148.0,179.2
779,M,3,170.1,157.4,167.6
780,F,3,170.1,157.4,163.5
781,M,3,170.1,157.4,172.1
782,M,1,168.6,169.5,172.8
783,M,2,169.2,161.4,172.7
784,M,2,169.2,161.4,180.8
785,M,3,179.6,151.2,173.5
786,M,3,179.6,151.2,177.1
787,F,3,179.6,151.2,173.3
788,M,1,187.3,154.6,176.1
789,F,3,174.5,162.6,164.1
790,F,3,174.5,162.6,155.1
791,M,3,174.5,162.6,159.2
792,M,3,193.0,158.7,180.2
793,M,3,193.0,158.7,189.8
794,M,3,193.0,158.7,197.6
795,M,3,178.7,164.1,179.0
796,F,3,178.7,164.1,170.3
797,M,3,178.7,164.1,175.9
798,F,2,175.9,160.2,162.1
799,M,2,175.9,160.2,167.1
800,F,1,163.7,162.6,159.1
801,M,3,171.0,174.8,176.3
802,M,3,171.0,174.8,183.1
803,M,3,171.0,174.8,188.0
804,F,3,181.2,160.1,163.5
805,M,3,181.2,160.1,167.9
806,M,3,181.2,160.1,176.5
807,M,2,169.3,161.8,172.2
808,F,2,169.3,161.8,167.8
809,F,1,181.2,168.1,165.3
810,M,2,185.2,179.1,188.6
811,M,2,185.2,179.1,195.6
812,M,3,163.1,156.2,163.8
813,M,3,163.1,156.2,172.9
814,M,3,163.1,156.2,178.9
815,M,3,170.1,159.4,172.4
816,M,3,170.1,159.4,180.4
817,M,3,170.1,159.4,181.7
818,M,2,171.3,151.0,168.9
819,M,2,171.3,151.0,175.2
820,M,1,181.9,162.5,176.7
821,M,2,168.3,164.8,175.7
822,M,2,168.3,164.8,178.1
823,M,3,165.2,157.3,167.0
824,M,3,165.2,157.3,171.7
825,M,3,165.2,157.3,183.3
826,M,1,167.6,161.6,169.8
827,F,1,170.6,169.4,163.5
828,M,2,170.5,158.3,172.1
829,F,2,170.5,158.3,165.2
830,M,2,177.9,164.8,175.1
831,M,2,177.9,164.8,183.9
832,F,3,182.8,169.0,169.3
833,M,3,182.8,169.0,177.0
834,F,3,182.8,169.0,170.0
835,F,2,187.5,165.8,171.6
836,M,2,187.5,165.8,178.4
837,M,1,183.7,156.3,175.6
838,M,1,173.2,162.5,175.3
839,F,3,159.8,174.9,158.0
840,M,3,159.8,174.9,170.1
841,F,3,159.8,174.9,163.2
842,M,3,181.6,147.2,171.4
843,F,3,181.6,147.2,165.3
844,M,3,181.6,147.2,169.3
845,M,1,175.6,161.2,175.2
846,F,3,171.5,146.2,155.0
847,F,3,171.5,146.2,145.4
848,M,3,171.5,146.2,150.5
849,M,3,181.0,161.1,178.2
850,M,3,181.0,161.1,186.7
851,M,3,181.0,161.1,190.9
852,F,3,177.9,159.4,163.3
853,M,3,177.9,159.4,167.1
854,M,3,177.9,159.4,174.9
855,M,3,168.2,148.8,162.0
856,M,3,168.2,148.8,169.7
857,M,3,168.2,148.8,177.8
858,F,3,185.5,160.0,167.1
859,M,3,185.5,160.0,170.9
860,M,3,185.5,160.0,181.4
861,F,2,187.1,158.4,165.5
862,M,2,187.1,158.4,173.0
863,F,1,179.5,175.6,170.0
864,F,2,171.5,150.4,152.1
865,M,2,171.5,150.4,159.3
866,M,1,179.1,162.9,179.4
867,M,2,163.8,145.8,161.1
868,M,2,163.8,145.8,167.4
869,M,3,164.9,150.8,162.3
870,F,3,164.9,150.8,154.9
871,M,3,164.9,150.8,164.4
872,F,3,180.9,166.0,167.6
873,F,3,180.9,166.0,159.7
874,M,3,180.9,166.0,167.1
875,M,3,178.9,145.6,169.8
876,M,3,178.9,145.6,174.2
877,M,3,178.9,145.6,179.3
878,M,2,183.4,160.5,177.1
879,M,2,183.4,160.5,185.2
880,M,2,163.1,172.6,172.4
881,M,2,163.1,172.6,179.4
882,M,1,179.3,158.7,177.9
883,F,2,173.3,162.1,159.0
884,M,2,173.3,162.1,169.5
885,M,2,169.6,158.6,167.7
886,F,2,169.6,158.6,161.4
887,M,3,181.6,154.4,173.6
888,F,3,181.6,154.4,168.5
889,M,3,181.6,154.4,176.3
890,M,3,168.5,160.6,172.6
891,M,3,168.5,160.6,176.0
892,F,3,168.5,160.6,169.4
893,M,2,165.8,154.5,164.6
894,M,2,165.8,154.5,172.3
895,F,1,186.9,169.0,169.3
896,F,2,177.7,160.3,163.0
897,F,2,177.7,160.3,158.3
898,M,1,182.5,162.2,175.8
899,M,2,167.8,164.3,174.5
900,F,2,167.8,164.3,166.2
901,M,2,169.2,145.9,162.0
902,F,2,169.2,145.9,158.5
903,M,2,175.8,156.1,171.5
904,M,2,175.8,156.1,178.3
905,M,3,171.5,146.3,164.1
906,F,3,171.5,146.3,160.6
907,M,3,171.5,146.3,162.6
908,F,2,165.3,167.6,157.8
909,M,2,165.3,167.6,166.5
910,M,2,171.9,162.0,173.6
911,M,2,171.9,162.0,182.6
912,M,2,173.5,169.6,176.4
913,M,2,173.5,169.6,186.3
914,M,2,180.4,158.7,177.8
915,M,2,180.4,158.7,184.5
916,M,3,173.5,145.1,166.5
917,M,3,173.5,145.1,173.2
918,F,3,173.5,145.1,167.5
919,M,2,183.0,161.6,178.0
920,M,2,183.0,161.6,183.9
921,M,3,166.4,145.6,163.4
922,M,3,166.4,145.6,169.9
923,M,3,166.4,145.6,177.0
924,M,2,170.4,150.2,164.2
925,M,2,170.4,150.2,175.9
926,M,1,175.4,161.0,176.1
927,F,2,177.6,169.5,168.9
928,F,2,177.6,169.5,161.7
929,M,2,180.1,149.2,170.1
930,F,2,180.1,149.2,162.0
931,M,2,185.5,161.4,178.1
932,M,2,185.5,161.4,187.1
933,M,2,181.4,158.2,177.0
934,M,2,181.4,158.2,180.5
935,M,3,160.5,145.2,157.4
936,F,3,160.5,145.2,151.2
937,M,3,160.5,145.2,162.0
938,M,3,169.2,169.3,174.5
939,F,3,169.2,169.3,166.4
940,F,3,169.2,169.3,164.1
941,M,3,179.7,145.1,166.9
942,M,3,179.7,145.1,174.5
943,F,3,179.7,145.1,171.4
944,M,1,171.5,164.3,173.6
945,F,3,178.6,165.0,167.0
946,M,3,178.6,165.0,168.8
947,M,3,178.6,165.0,179.1
948,F,3,169.3,156.3,155.5
949,M,3,169.3,156.3,162.9
950,M,3,169.3,156.3,168.4
951,M,2,177.7,161.5,178.9
952,M,2,177.7,161.5,184.6
953,F,3,167.8,168.5,159.4
954,F,3,167.8,168.5,155.4
955,M,3,167.8,168.5,158.7
956,F,3,185.3,162.3,169.0
957,F,3,185.3,162.3,158.3
958,M,3,185.3,162.3,169.0
959,M,3,173.3,153.8,167.4
960,M,3,173.3,153.8,178.1
961,M,3,173.3,153.8,181.1
962,F,2,178.7,163.8,162.8
963,F,2,178.7,163.8,160.1
964,M,3,160.5,156.6,167.7
965,F,3,160.5,156.6,159.0
966,M,3,160.5,156.6,165.7
967,M,2,180.1,145.0,171.6
968,F,2,180.1,145.0,164.5
969,M,3,168.2,150.3,164.4
970,M,3,168.2,150.3,170.6
971,M,3,168.2,150.3,177.8
972,M,2,181.3,163.5,177.6
973,F,2,181.3,163.5,173.6
974,F,2,187.7,162.7,169.9
975,M,2,187.7,162.7,178.1
976,F,2,179.3,160.8,165.4
977,M,2,179.3,160.8,167.9
978,M,2,169.4,162.2,173.7
979,M,2,169.4,162.2,180.8
980,M,2,193.5,160.2,182.4
981,M,2,193.5,160.2,186.8
982,M,2,172.8,153.7,168.2
983,M,2,172.8,153.7,178.7
984,M,2,166.5,164.2,173.9
985,M,2,166.5,164.2,179.9
986,M,2,184.5,148.0,172.6
987,F,2,184.5,148.0,166.8
988,M,2,169.3,148.4,167.3
989,M,2,169.3,148.4,174.7
990,F,2,158.5,161.4,152.4
991,M,2,158.5,161.4,159.4
992,F,3,182.1,159.1,163.4
993,F,3,182.1,159.1,160.5
994,M,3,182.1,159.1,165.3
995,F,2,169.4,160.4,157.3
996,M,2,169.4,160.4,162.1
997,M,3,174.6,159.3,172.2
998,M,3,174.6,159.3,181.6
999,M,3,174.6,159.3,188.2
1000,M,3,178.7,167.9,178.5
1001,M,3,178.7,167.9,186.9
1002,F,3,178.7,167.9,179.3
1003,M,2,181.6,160.9,178.7
1004,M,2,181.6,160.9,184.5
1005,M,1,184.9,153.7,177.1
1006,F,2,179.0,162.0,165.0
1007,F,2,179.0,162.0,164.0
1008,F,2,173.0,161.0,173.6
1009,F,2,173.0,161.0,168.0
1010,F,2,172.0,163.0,169.0
1011,F,2,172.0,163.0,160.0
1012,F,2,173.0,155.0,159.0
1013,F,2,173.0,155.0,168.0
1014,F,2,175.0,162.0,163.0
1015,F,2,175.0,162.0,162.0
1016,F,2,172.0,165.0,169.0
1017,M,2,172.0,165.0,180.0
1018,F,2,178.0,160.0,170.0
1019,M,2,178.0,160.0,171.0
1020,F,2,168.0,167.0,156.0
1021,M,2,168.0,167.0,175.0
1022,F,3,174.0,153.0,161.0
1023,F,3,174.0,153.0,158.0
1024,M,3,174.0,153.0,177.0
1025,F,1,173.0,167.0,170.0
1026,F,3,180.0,161.0,166.0
1027,F,3,180.0,161.0,167.0
1028,F,3,180.0,161.0,172.0
1029,M,1,178.0,170.0,188.0
1030,M,1,165.0,157.0,174.0
1031,F,1,171.0,158.0,150.0
1032,M,1,167.0,167.0,176.0
1033,M,1,169.0,161.0,182.0
1034,F,2,173.0,158.0,155.0
1035,M,2,173.0,158.0,173.0
1036,M,2,174.0,159.0,180.0
1037,M,2,174.0,159.0,180.0
1038,M,1,170.0,163.0,174.0
1039,F,2,173.0,163.0,183.0
1040,M,2,173.0,163.0,167.0
1041,M,1,171.0,158.0,182.0
1042,F,2,180.0,169.0,158.0
1043,M,2,180.0,169.0,179.0
1044,F,2,182.0,162.0,166.0
1045,F,2,182.0,162.0,168.0
1046,M,1,160.0,172.0,178.0
1047,F,2,172.0,165.0,166.0
1048,M,2,172.0,165.0,180.0
1049,F,1,172.0,157.0,166.0
1050,M,1,165.0,158.0,167.0
1051,F,1,178.0,164.0,158.0
1052,F,2,185.0,165.0,167.0
1053,M,2,185.0,165.0,181.0
1054,F,2,175.0,160.0,166.0
1055,M,2,175.0,160.0,180.0
1056,F,2,173.0,163.0,167.0
1057,F,2,173.0,163.0,168.0
1058,M,1,175.0,161.0,183.0
1059,F,2,178.0,158.0,163.0
1060,F,2,178.0,158.0,168.0
1061,F,1,185.0,160.0,170.0
1062,F,1,177.0,162.0,170.0
1063,M,1,165.0,158.0,168.0
1064,M,2,167.0,171.0,176.0
1065,M,2,167.0,171.0,182.0
1066,F,2,177.0,156.0,163.0
1067,F,2,177.0,156.0,159.0
1068,F,1,175.0,161.0,163.0
1069,F,2,181.0,172.0,167.0
1070,M,2,181.0,172.0,167.0
1071,F,1,167.0,157.0,164.0
1072,M,2,171.0,156.0,182.0
1073,F,2,171.0,156.0,166.0
1074,F,3,170.0,155.0,158.0
1075,F,3,170.0,155.0,161.0
1076,M,3,170.0,155.0,178.0
1077,M,2,174.0,166.0,181.0
1078,M,2,174.0,166.0,184.0
1079,F,1,178.0,160.0,168.0
1080,M,2,174.0,168.0,175.0
1081,F,2,174.0,168.0,165.0
1082,M,2,175.0,158.0,171.0
1083,M,2,175.0,158.0,170.0
1084,F,2,173.0,165.0,163.0
1085,F,2,173.0,165.0,162.0
1086,F,1,175.0,157.0,161.0
1087,F,2,168.0,163.0,161.0
1088,F,2,168.0,163.0,158.0
1089,F,3,167.0,160.0,168.0
1090,F,3,167.0,160.0,157.0
1091,F,3,167.0,160.0,155.0
1092,F,2,165.0,159.0,167.0
1093,F,2,165.0,159.0,153.0
1094,F,1,175.0,168.0,160.0
1095,F,1,172.0,160.0,164.0
1096,F,2,170.0,160.0,165.0
1097,F,2,170.0,160.0,156.0
1098,F,2,183.0,165.0,173.0
1099,M,2,183.0,165.0,184.0
1100,F,2,176.0,164.0,171.0
1101,F,2,176.0,164.0,161.0
1102,F,3,180.0,158.0,168.0
1103,M,3,180.0,158.0,178.0
1104,M,3,180.0,158.0,185.0
1105,M,3,170.0,162.0,178.0
1106,F,3,170.0,162.0,166.0
1107,F,3,170.0,162.0,173.0
1108,F,2,169.0,158.0,163.0
1109,M,2,169.0,158.0,176.0
1110,F,1,165.0,153.0,156.0
1111,F,2,180.0,160.0,166.0
1112,M,2,180.0,160.0,176.0
1113,F,2,177.0,156.0,158.0
1114,F,2,177.0,156.0,160.0
1115,F,1,175.0,155.0,161.0
1116,F,1,179.0,170.0,172.0
1117,F,1,180.0,163.0,166.0
1118,F,1,174.0,157.0,164.0
1119,M,2,164.0,160.0,155.0
1120,F,2,164.0,160.0,175.0
1121,F,2,180.0,165.0,160.0
1122,F,2,180.0,165.0,170.0
1123,F,3,160.0,155.0,158.0
1124,M,3,160.0,155.0,175.0
1125,M,3,160.0,155.0,176.0
1126,M,2,176.0,156.0,177.0
1127,M,2,176.0,156.0,180.0
1128,F,2,175.0,155.0,167.0
1129,F,2,175.0,155.0,166.0
1130,M,2,170.0,167.0,174.8
1131,M,2,170.0,167.0,177.0
1132,F,3,173.0,156.0,162.0
1133,F,3,173.0,156.0,162.0
1134,F,3,173.0,156.0,158.0
1135,F,3,163.0,152.0,156.0
1136,F,3,163.0,152.0,158.0
1137,F,3,163.0,152.0,158.0
1138,F,2,165.0,154.0,154.0
1139,M,2,165.0,154.0,172.0
1140,F,2,174.0,161.0,163.0
1141,M,2,174.0,161.0,172.0
1142,F,3,172.0,155.0,168.0
1143,M,3,172.0,155.0,169.0
1144,F,3,172.0,155.0,172.0
1145,M,2,178.0,160.0,178.0
1146,F,2,178.0,160.0,165.0
1147,F,2,178.0,163.0,175.0
1148,M,2,178.0,163.0,182.0
1149,F,2,174.0,163.0,162.0
1150,M,2,174.0,163.0,175.0
1151,F,1,174.0,171.0,160.0
1152,F,2,176.0,163.0,164.0
1153,F,2,176.0,163.0,164.0
1154,M,1,181.0,160.0,179.0
1155,M,2,177.0,158.0,168.0
1156,M,2,177.0,158.0,173.0
1157,M,2,176.0,164.0,167.0
1158,F,2,176.0,164.0,168.0
1159,M,2,170.0,163.0,173.0
1160,F,2,170.0,163.0,165.0
1161,M,2,167.0,160.0,168.0
1162,F,2,167.0,160.0,160.0
1163,F,2,170.0,160.0,161.0
1164,M,2,170.0,160.0,172.0
1165,M,1,174.0,167.0,176.0
1166,F,2,172.0,160.0,151.0
1167,F,2,172.0,160.0,155.0
1168,M,2,168.0,163.0,174.0
1169,F,2,168.0,163.0,167.0
1170,F,1,179.0,172.0,161.0
1171,M,1,177.0,165.0,173.0
1172,M,1,170.0,158.0,174.0
1173,M,2,174.0,162.0,188.0
1174,M,2,174.0,162.0,170.0
1175,M,2,169.0,160.0,168.0
1176,M,2,169.0,160.0,171.0
1177,M,1,165.0,162.0,167.0
1178,M,1,173.0,165.0,170.0
1179,F,1,168.0,162.0,157.0
1180,M,1,180.0,163.0,178.0
1181,M,1,175.0,167.0,176.0
1182,M,1,173.0,159.0,170.0
1183,F,1,174.0,167.0,167.0
1184,F,1,173.0,166.0,163.0
1185,M,2,178.0,167.0,176.0
1186,M,2,178.0,167.0,175.0
1187,M,1,170.0,160.0,169.0
1188,F,1,173.0,161.0,158.0
1189,F,2,171.0,165.0,166.0
1190,M,2,171.0,165.0,170.0
1191,F,1,169.0,157.0,162.0
1192,F,1,175.0,162.0,163.0
1193,F,1,174.0,163.0,167.0
1194,M,1,174.0,167.0,176.0
1195,M,1,182.0,172.0,183.0
1196,M,1,176.0,166.0,180.0
1197,M,1,172.0,158.0,174.0
1198,M,1,171.0,164.0,173.0
1199,F,1,167.0,163.0,165.0
1200,M,2,175.0,170.0,175.0
1201,M,2,175.0,170.0,174.0
1202,M,1,172.0,167.0,170.0
1203,M,1,183.0,172.0,182.0
1204,F,1,176.0,166.0,163.0
1205,M,1,180.0,160.0,174.0
1206,M,2,173.0,165.0,174.0
1207,M,2,173.0,165.0,184.0
1208,M,1,172.0,160.0,182.0
1209,M,2,170.0,160.0,173.0
1210,F,2,170.0,160.0,158.0
1211,M,2,169.0,161.0,179.0
1212,M,2,169.0,161.0,173.0
1213,M,2,170.0,165.0,175.0
1214,F,2,170.0,165.0,160.0
1215,M,2,173.0,155.0,184.0
1216,M,2,173.0,155.0,176.0
1217,M,1,172.0,163.0,176.0
1218,M,2,170.0,165.0,171.0
1219,M,2,170.0,165.0,170.0
1220,F,2,173.0,164.0,166.0
1221,F,2,173.0,164.0,164.0
1222,M,3,176.0,170.0,180.0
1223,F,3,176.0,170.0,170.0
1224,F,3,176.0,170.0,163.0
1225,M,1,173.5,160.0,150.0
1226,M,2,181.0,171.0,192.0
1227,F,2,181.0,171.0,178.0
1228,M,2,168.0,164.0,174.0
1229,M,2,168.0,164.0,172.0
1230,M,2,165.0,143.0,173.0
1231,M,2,165.0,143.0,173.0
1232,M,2,174.0,166.0,168.0
1233,M,2,174.0,166.0,180.0
1234,M,1,174.5,165.0,179.0
1235,M,2,173.0,162.0,173.0
1236,F,2,173.0,162.0,155.0
1237,M,1,173.0,162.0,172.0
1238,M,2,173.0,165.0,172.7
1239,M,2,173.0,165.0,176.0
1240,M,2,165.0,159.0,168.0
1241,F,2,165.0,159.0,165.0
1242,M,2,183.0,164.0,186.0
1243,F,2,183.0,164.0,161.0
1244,M,2,175.0,158.0,175.5
1245,F,2,175.0,158.0,163.0
1246,M,2,171.0,162.0,170.0
1247,M,2,171.0,162.0,173.0
1248,M,2,173.0,160.0,177.0
1249,M,2,173.0,160.0,183.0
1250,M,3,168.0,157.0,172.0
1251,F,3,168.0,157.0,148.0
1252,M,3,168.0,157.0,177.0
1253,M,2,170.0,160.0,174.0
1254,F,2,170.0,160.0,165.0
1255,M,2,170.0,160.0,180.0
1256,F,2,170.0,160.0,165.0
1257,M,2,165.0,160.0,180.0
1258,M,2,165.0,160.0,183.0
1259,M,2,165.0,160.0,181.0
1260,M,2,165.0,160.0,182.0
1261,M,1,183.17,169.61,179.47
1262,F,2,170.79,156.07,160.26
1263,F,2,170.79,156.07,157.86
1264,M,1,179.2,164.72,174.98
1265,F,1,183.1,171.4,167.79
1266,F,2,189.96,174.59,173.79
1267,F,2,189.96,174.59,168.6
1268,F,4,177.69,160.29,170.63
1269,F,4,177.69,160.29,163.73
1270,M,4,177.69,160.29,178.72
1271,F,4,177.69,160.29,161.26
1272,F,2,183.28,167.97,169.36
1273,F,2,183.28,167.97,178.66
1274,F,4,180.7,167.45,168.91
1275,F,4,180.7,167.45,167.63
1276,M,4,180.7,167.45,185.16
1277,M,4,180.7,167.45,181.48
1278,F,3,165.15,151.04,156.6
1279,M,3,165.15,151.04,170.91
1280,M,3,165.15,151.04,169.37
1281,M,1,177.29,165.77,177.31
1282,M,4,189.55,175.15,184.06
1283,F,4,189.55,175.15,174.35
1284,F,4,189.55,175.15,170.78
1285,F,4,189.55,175.15,183.52
1286,F,1,172.44,157.21,154.53
1287,M,3,165.88,154.47,166.8
1288,M,3,165.88,154.47,166.6
1289,M,3,165.88,154.47,160.13
1290,M,2,180.87,161.1,178.47
1291,F,2,180.87,161.1,170.06
1292,M,1,168.48,154.39,171.8
1293,M,1,184.79,173.2,180.7
1294,M,2,185.59,171.87,188.61
1295,M,2,185.59,171.87,188.53
1296,F,2,171.31,159.35,164.88
1297,M,2,171.31,159.35,176.38
1298,F,1,182.91,168.92,168.18
1299,M,1,183.27,167.26,181.79
1300,F,2,177.29,168.89,167.05
1301,F,2,177.29,168.89,169.17
1302,M,1,179.52,167.08,181.63
1303,M,1,176.3,162.74,172.84
1304,M,2,165.07,152.49,166.01
1305,M,2,165.07,152.49,169.87
1306,F,2,185.78,162.93,165.55
1307,M,2,185.78,162.93,179.88
1308,M,2,177.56,163.15,175.65
1309,M,2,177.56,163.15,175.19
1310,M,2,179.88,165.65,179.11
1311,M,2,179.88,165.65,182.03
1312,M,2,177.85,165.12,176.43
1313,F,2,177.85,165.12,168.93
1314,M,3,187.54,172.93,189.98
1315,M,3,187.54,172.93,180.43
1316,M,3,187.54,172.93,182.12
1317,F,2,181.67,171.72,166.41
1318,F,2,181.67,171.72,176.66
1319,M,2,173.15,158.27,169.58
1320,M,2,173.15,158.27,185.52
1321,M,2,185.24,173.72,187.53
1322,F,2,185.24,173.72,166.3
1323,M,2,181.83,171.05,182.92
1324,F,2,181.83,171.05,171.5
1325,M,2,176.2,159.88,183.64
1326,M,2,176.2,159.88,170.43
1327,F,2,185.7,174.11,180.97
1328,F,2,185.7,174.11,175.31
1329,F,1,176.84,162.29,167.97
1330,F,2,181.96,172.49,168.19
1331,F,2,181.96,172.49,166.78
1332,F,1,166.73,152.94,151.41
1333,M,1,179.08,167.71,181.08
1334,M,4,186.27,175.92,185.5
1335,F,4,186.27,175.92,167.33
1336,F,4,186.27,175.92,182.69
1337,F,4,186.27,175.92,170.34
1338,F,4,189.19,178.22,171.33
1339,M,4,189.19,178.22,195.44
1340,M,4,189.19,178.22,192.37
1341,F,4,189.19,178.22,178.3
1342,M,2,185.76,170.59,179.81
1343,M,2,185.76,170.59,176.66
1344,M,1,176.22,162.59,178.45
1345,F,2,188.73,176.28,186.05
1346,F,2,188.73,176.28,169.56
1347,M,3,180.94,168.39,169.18
1348,F,3,180.94,168.39,159.1
1349,F,3,180.94,168.39,177.77
1350,M,1,176.97,164.05,171.71
1351,F,1,180.53,168.45,161.07
1352,M,4,184.87,174.77,191.25
1353,F,4,184.87,174.77,171.37
1354,F,4,184.87,174.77,177.43
1355,M,4,184.87,174.77,191.76
1356,F,2,169.39,157.5,165.99
1357,M,2,169.39,157.5,174.51
1358,M,1,189.43,176.23,196.33
1359,F,1,165.85,153.34,148.22
1360,M,2,170.5,154.86,163.86
1361,M,2,170.5,154.86,176.17
1362,M,3,172.39,158.55,171.77
1363,F,3,172.39,158.55,158.6
1364,F,3,172.39,158.55,162.4
1365,M,1,181.34,168.32,186.96
1366,M,2,166.91,156.4,168.87
1367,F,2,166.91,156.4,167.87
1368,M,3,184.57,174.01,186.57
1369,M,3,184.57,174.01,186.4
1370,M,3,184.57,174.01,185.94
1371,F,3,177.29,165.63,171.78
1372,F,3,177.29,165.63,178.5
1373,M,3,177.29,165.63,175.95
1374,M,3,188.03,174.1,185.13
1375,F,3,188.03,174.1,174.58
1376,M,3,188.03,174.1,187.64
1377,M,1,172.34,157.24,175.41
1378,M,3,166.02,144.59,170.36
1379,M,3,166.02,144.59,155.47
1380,M,3,166.02,144.59,155.04
1381,M,3,189.91,182.35,196.84
1382,M,3,189.91,182.35,190.72
1383,M,3,189.91,182.35,187.34
1384,F,1,187.45,177.93,175.7
1385,F,2,165.7,153.19,148.81
1386,M,2,165.7,153.19,172.35
1387,F,2,168.67,155.5,157.97
1388,F,2,168.67,155.5,162.78
1389,M,4,189.19,167.86,188.47
1390,F,4,189.19,167.86,184.18
1391,M,4,189.19,167.86,189.16
1392,F,4,189.19,167.86,170.86
1393,F,2,181.86,173.94,167.73
1394,F,2,181.86,173.94,174.54
1395,F,2,179.5,166.89,165.78
1396,M,2,179.5,166.89,175.16
1397,F,1,181.75,170.66,175.99
1398,F,4,172.02,155.18,158.6
1399,F,4,172.02,155.18,157.15
1400,M,4,172.02,155.18,173.49
1401,F,4,172.02,155.18,159.22
1402,F,1,187.31,176.48,179.88
1403,F,2,176.82,164.84,166.48
1404,M,2,176.82,164.84,170.4
1405,F,1,180.48,168.38,168.92
1406,F,2,188.75,169.29,162.77
1407,M,2,188.75,169.29,185.79
1408,M,1,185.42,172.82,195.38
1409,F,1,178.53,168.17,166.51
1410,F,2,170.52,152.11,159.48
1411,F,2,170.52,152.11,150.07
1412,M,3,189.71,180.44,194.56
1413,M,3,189.71,180.44,182.28
1414,M,3,189.71,180.44,188.44
1415,F,3,178.61,165.09,170.42
1416,M,3,178.61,165.09,172.95
1417,M,3,178.61,165.09,178.11
1418,M,3,174.83,162.87,174.62
1419,F,3,174.83,162.87,156.66
1420,M,3,174.83,162.87,181.5
1421,M,3,167.19,157.56,171.73
1422,M,3,167.19,157.56,168.13
1423,M,3,167.19,157.56,168.5
1424,M,1,188.58,173.63,193.09
1425,F,1,187.24,171.74,171.46
1426,M,1,178.8,165.32,176.72
1427,M,3,174.07,159.19,175.48
1428,M,3,174.07,159.19,168.43
1429,M,3,174.07,159.19,173.73
1430,F,2,182.6,171.07,161.52
1431,M,2,182.6,171.07,178.11
1432,F,1,171.57,158.33,157.59
1433,M,2,188.91,176.67,202.02
1434,M,2,188.91,176.67,198.29
1435,M,3,175.39,160.03,162.51
1436,M,3,175.39,160.03,172.82
1437,M,3,175.39,160.03,166.4
1438,F,1,172.15,162.67,160.71
1439,M,2,187.55,183.53,194.13
1440,M,2,187.55,183.53,189.68
1441,M,1,170.49,157.08,172.01
1442,F,1,173.14,162.2,163.74
1443,M,3,170.47,155.6,170.47
1444,F,3,170.47,155.6,152.96
1445,F,3,170.47,155.6,162.89
1446,M,1,167.26,160.08,175.5
1447,M,1,169.26,153.34,171.66
1448,M,2,174.74,163.52,175.96
1449,F,2,174.74,163.52,163.13
1450,M,1,182.78,175.19,189.88
1451,F,1,167.79,157.18,151.71
1452,M,1,163.0,157.0,167.7
1453,M,2,171.0,156.0,182.1
1454,F,2,171.0,156.0,166.0
1455,F,2,173.0,167.0,157.7
1456,F,2,173.0,167.0,165.0
1457,F,2,175.0,158.0,167.0
1458,F,2,175.0,158.0,166.0
1459,F,3,183.0,156.0,170.0
1460,M,3,183.0,156.0,180.0
1461,F,3,183.0,156.0,165.0
1462,F,3,179.1,158.7,162.6
1463,M,3,179.1,158.7,181.5
1464,M,3,179.1,158.7,180.1
1465,F,2,176.0,160.0,161.0
1466,M,2,176.0,160.0,178.0
1467,M,2,167.0,161.0,174.4
1468,F,2,167.0,161.0,162.0
1469,M,2,174.0,160.0,174.5
1470,F,2,174.0,160.0,168.3
1471,F,2,167.0,162.0,164.0
1472,F,2,167.0,162.0,159.0
1473,F,2,178.0,158.0,167.6
1474,F,2,178.0,158.0,167.0
1475,F,2,170.0,168.0,165.3
1476,F,2,170.0,168.0,157.0
1477,F,2,174.0,160.0,169.9
1478,F,2,174.0,160.0,160.0
1479,M,2,178.0,158.0,183.0
1480,M,2,178.0,158.0,179.0
1481,F,2,163.0,167.0,155.0
1482,M,2,163.0,167.0,180.0
1483,F,1,174.0,160.0,159.0
1484,M,2,170.0,159.0,176.0
1485,F,2,170.0,159.0,160.0
1486,F,2,171.0,162.0,162.0
1487,F,2,171.0,162.0,158.0
1488,F,2,174.0,160.0,154.0
1489,M,2,174.0,160.0,173.0
1490,F,1,183.0,165.0,173.0
1491,F,1,170.0,147.0,150.0
1492,F,3,173.0,163.0,157.8
1493,F,3,173.0,163.0,162.0
1494,F,3,173.0,163.0,160.8
1495,M,2,172.3,160.0,181.7
1496,M,2,172.3,160.0,173.3
1497,M,2,167.0,168.0,176.7
1498,F,2,167.0,168.0,163.0
1499,F,2,168.0,153.0,155.0
1500,F,2,168.0,153.0,152.0
1501,M,3,168.0,152.0,170.0
1502,M,3,168.0,152.0,173.0
1503,M,3,168.0,152.0,170.0
1504,F,2,176.0,163.0,158.0
1505,F,2,176.0,163.0,162.0
1506,F,1,181.0,168.0,167.6
1507,M,3,170.0,155.0,175.0
1508,F,3,170.0,155.0,165.0
1509,F,3,170.0,155.0,160.0
1510,F,1,170.0,160.0,163.0
1511,M,1,175.0,163.0,179.0
1512,M,1,174.0,154.0,179.0
1513,F,2,176.0,154.0,170.0
1514,M,2,176.0,154.0,183.0
1515,F,1,170.0,160.0,165.4
1516,F,1,170.0,160.0,163.7
1517,F,2,169.0,155.0,160.0
1518,F,2,169.0,155.0,150.0
1519,F,1,172.8,161.2,168.1
1520,F,2,178.9,156.0,158.7
1521,M,2,178.9,156.0,170.0
1522,F,1,168.0,159.0,151.8
1523,F,2,165.0,156.0,164.0
1524,F,2,165.0,156.0,161.0
1525,F,1,176.0,160.0,158.4
1526,M,1,179.0,158.0,177.0
1527,M,1,166.0,168.0,176.7
1528,F,2,168.0,158.0,155.0
1529,M,2,168.0,158.0,168.9
1530,F,1,174.0,155.0,157.0
1531,M,1,173.0,161.0,176.0
1532,F,1,170.0,155.0,166.0
1533,F,1,176.0,168.0,166.6
1534,F,1,173.0,159.0,157.8
1535,F,2,168.0,153.0,155.0
1536,M,2,168.0,153.0,178.0
1537,F,1,175.0,154.0,161.0
1538,F,1,176.0,156.0,157.0
1539,F,2,172.0,164.0,167.0
1540,M,2,172.0,164.0,178.0
1541,F,1,179.0,166.0,163.0
1542,F,2,173.0,152.0,158.7
1543,F,2,173.0,152.0,155.0
1544,F,1,175.0,161.0,163.8
1545,F,2,168.0,162.0,163.0
1546,M,2,168.0,162.0,170.0
1547,F,2,169.0,153.0,164.1
1548,M,2,169.0,153.0,170.0
1549,F,2,177.0,158.0,160.5
1550,F,2,177.0,158.0,160.5
1551,F,1,165.0,162.0,170.0
1552,F,2,169.0,171.0,164.0
1553,M,2,169.0,171.0,174.0
1554,F,1,181.0,165.0,166.0
1555,F,2,172.0,148.0,154.8
1556,F,2,172.0,148.0,154.0
1557,F,1,178.0,160.0,158.0
1558,F,2,173.7,165.0,175.0
1559,F,2,173.7,165.0,170.0
1560,F,2,175.0,163.0,165.5
1561,M,2,175.0,163.0,177.0
1562,M,2,172.4,163.8,173.2
1563,M,2,172.4,163.8,173.1
1564,F,4,178.0,154.0,160.0
1565,F,4,178.0,154.0,160.0
1566,M,4,178.0,154.0,181.0
1567,M,4,178.0,154.0,177.0
1568,F,2,170.0,150.0,157.3
1569,F,2,170.0,150.0,150.0
1570,F,2,163.0,158.0,165.4
1571,M,2,163.0,158.0,174.0
1572,F,2,170.0,163.0,158.0
1573,M,2,170.0,163.0,170.0
1574,F,1,171.0,157.0,171.2
1575,F,1,168.0,173.0,169.0
1576,F,1,170.0,158.0,152.0
1577,F,2,173.0,164.0,168.0
1578,M,2,173.0,164.0,179.0
1579,F,1,168.0,153.0,165.0
1580,F,2,171.0,166.0,166.0
1581,F,2,171.0,166.0,157.0
1582,F,2,172.0,156.0,163.0
1583,F,2,172.0,156.0,160.0
1584,F,2,170.0,157.0,158.0
1585,M,2,170.0,157.0,165.0
1586,F,1,171.0,159.0,161.7
1587,F,2,172.0,163.4,163.2
1588,M,2,172.0,163.4,178.2
1589,F,3,176.0,156.0,158.0
1590,F,3,176.0,156.0,154.0
1591,M,3,176.0,156.0,178.0
1592,F,1,180.0,159.0,161.0
1593,F,1,170.2,141.6,153.8
1594,F,1,168.9,158.3,157.4
1595,M,2,172.0,168.0,183.8
1596,M,2,172.0,168.0,181.6
1597,F,2,171.0,162.5,168.8
1598,F,2,171.0,162.5,166.0
1599,F,2,170.6,165.8,163.2
1600,M,2,170.6,165.8,173.2
1601,F,2,178.0,160.0,169.0
1602,M,2,178.0,160.0,183.0
1603,M,2,170.0,155.0,171.0
1604,M,2,170.0,155.0,169.6
1605,M,1,173.0,172.0,173.0
1606,F,1,178.0,163.0,167.3
1607,F,2,164.0,170.0,167.5
1608,M,2,164.0,170.0,174.5
1609,F,2,178.0,157.0,159.8
1610,M,2,178.0,157.0,180.0
1611,F,3,178.0,159.0,167.7
1612,F,3,178.0,159.0,163.0
1613,F,3,178.0,159.0,163.0
1614,M,1,163.0,155.0,167.0
1615,F,1,175.0,171.0,173.1
1616,F,2,172.0,155.0,148.9
1617,M,2,172.0,155.0,169.0
1618,F,1,180.0,170.0,168.0
1619,F,2,178.0,160.0,165.0
1620,F,2,178.0,160.0,162.8
1621,F,2,174.1,162.1,159.5
1622,M,2,174.1,162.1,174.5
1623,F,2,168.0,160.0,168.0
1624,M,2,168.0,160.0,176.0
1625,M,1,172.5,165.7,177.3
1626,F,1,178.0,159.0,171.0
1627,F,2,170.2,163.0,159.8
1628,M,2,170.2,163.0,170.0
1629,F,2,172.0,167.0,167.0
1630,M,2,172.0,167.0,185.0
1631,F,2,166.0,157.5,155.0
1632,M,2,166.0,157.5,173.5
1633,M,1,179.0,162.0,182.8
1634,F,4,170.0,164.0,166.0
1635,F,4,170.0,164.0,165.0
1636,F,4,170.0,164.0,162.0
1637,M,4,170.0,164.0,175.0
1638,F,2,180.0,163.0,170.0
1639,M,2,180.0,163.0,180.0
1640,M,2,171.0,165.0,181.0
1641,M,2,171.0,165.0,178.0
1642,F,4,175.0,174.0,167.0
1643,F,4,175.0,174.0,165.0
1644,M,4,175.0,174.0,183.0
1645,M,4,175.0,174.0,180.0
1646,M,2,160.0,160.0,175.0
1647,M,2,160.0,160.0,175.0
1648,F,2,170.0,156.0,163.0
1649,M,2,170.0,156.0,176.0
1650,M,2,178.0,158.0,181.1
1651,M,2,178.0,158.0,174.0
1652,F,2,172.5,158.0,158.3
1653,M,2,172.5,158.0,174.8
1654,F,3,180.0,163.0,167.0
1655,F,3,180.0,163.0,157.0
1656,M,3,180.0,163.0,171.0
1657,M,1,177.0,170.0,173.5
1658,F,1,182.0,165.0,172.1
1659,F,2,164.0,157.0,158.0
1660,M,2,164.0,157.0,169.0
1661,F,1,172.4,157.1,158.7
1662,F,2,168.4,162.8,152.3
1663,M,2,168.4,162.8,170.5
1664,F,3,173.0,164.0,166.7
1665,F,3,173.0,164.0,166.0
1666,F,3,173.0,164.0,163.0
1667,M,1,178.0,162.8,180.0
1668,F,1,168.0,155.0,152.0
1669,F,3,176.0,158.0,160.3
1670,M,3,176.0,158.0,177.0
1671,M,3,176.0,158.0,163.0
1672,F,2,170.2,157.2,163.4
1673,F,2,170.2,157.2,162.6
1674,F,2,165.0,164.0,152.0
1675,F,2,165.0,164.0,150.0
1676,F,1,173.8,156.0,162.2
1677,F,1,180.0,165.0,160.0
1678,M,2,168.0,152.0,172.0
1679,M,2,168.0,152.0,172.0
1680,F,2,175.0,160.0,164.0
1681,F,2,175.0,160.0,156.7
1682,F,2,168.0,158.0,158.0
1683,M,2,168.0,158.0,171.0
1684,M,1,173.0,163.0,183.0
1685,F,3,174.0,153.0,160.0
1686,F,3,174.0,153.0,158.0
1687,M,3,174.0,153.0,176.5
1688,F,1,173.5,162.1,161.9
1689,F,2,171.2,157.3,154.3
1690,M,2,171.2,157.3,168.5
1691,M,1,183.4,167.2,178.3
1692,M,1,174.0,163.0,179.9
1693,F,2,178.0,163.0,155.0
1694,M,2,178.0,163.0,175.0
1695,M,1,168.0,161.5,170.3
1696,F,1,172.0,168.0,164.0
1697,F,3,178.0,161.0,170.0
1698,F,3,178.0,161.0,162.0
1699,M,3,178.0,161.0,186.0
1700,F,2,178.0,152.0,157.5
1701,M,2,178.0,152.0,166.0
1702,M,1,174.0,161.0,181.0
1703,M,1,178.0,171.0,179.0
1704,M,1,167.0,159.0,167.0
1705,F,2,170.0,150.0,162.0
1706,M,2,170.0,150.0,180.0
1707,F,2,179.0,155.0,167.0
1708,F,2,179.0,155.0,163.0
1709,F,2,170.8,168.2,159.0
1710,M,2,170.8,168.2,173.8
1711,M,2,175.0,167.3,180.0
1712,M,2,175.0,167.3,172.0
1713,F,1,174.0,149.5,152.5
1714,F,1,163.0,160.0,153.0
1715,M,2,174.3,164.1,179.1
1716,M,2,174.3,164.1,176.7
1717,F,1,170.0,165.0,163.0
1718,F,1,169.8,153.0,156.0
1719,F,3,170.3,160.1,168.8
1720,F,3,170.3,160.1,162.1
1721,M,3,170.3,160.1,183.4
1722,F,1,178.0,166.0,168.0
1723,F,2,166.0,172.0,166.0
1724,M,2,166.0,172.0,170.0
1725,F,2,170.0,166.0,167.0
1726,F,2,170.0,166.0,162.0
1727,M,2,170.0,157.0,173.0
1728,M,2,170.0,157.0,171.0
1729,F,2,181.0,154.7,165.3
1730,F,2,181.0,154.7,163.0
1731,F,1,174.0,158.0,162.8
1732,M,1,169.0,163.0,178.0
1733,M,1,169.0,168.0,178.0
1734,F,1,177.0,158.0,160.4
1735,F,1,171.3,154.5,156.4
1736,F,2,176.5,153.3,159.7
1737,F,2,176.5,153.3,155.4
1738,M,1,165.3,152.9,168.8
1739,F,2,169.0,157.0,160.0
1740,M,2,169.0,157.0,165.0
1741,F,2,172.9,160.8,168.9
1742,F,2,172.9,160.8,164.3
1743,F,2,174.0,162.0,169.0
1744,M,2,174.0,162.0,170.0
1745,M,1,181.1,157.4,175.8
1746,M,2,169.0,158.0,177.0
1747,M,2,169.0,158.0,172.0
1748,M,1,171.1,160.2,168.0
1749,F,2,170.0,153.0,158.0
1750,M,2,170.0,153.0,178.0
1751,F,2,175.0,160.0,156.0
1752,M,2,175.0,160.0,178.0
1753,F,2,173.0,157.0,161.0
1754,M,2,173.0,157.0,164.0
1755,F,1,182.0,161.0,164.0
1756,F,1,173.0,156.0,155.0
1757,F,1,170.0,152.0,156.4
1758,F,2,168.0,158.0,155.0
1759,M,2,168.0,158.0,173.0
1760,F,2,176.8,163.8,169.8
1761,M,2,176.8,163.8,181.8
1762,M,2,174.0,164.0,180.0
1763,M,2,174.0,164.0,175.0
1764,F,2,179.0,154.0,163.0
1765,M,2,179.0,154.0,182.0
1766,F,2,166.6,148.2,154.7
1767,F,2,166.6,148.2,153.4
1768,M,1,175.0,160.0,172.8
1769,M,2,170.0,163.2,173.0
1770,M,2,170.0,163.2,164.0
1771,F,1,180.0,162.0,170.0
1772,F,2,179.0,148.0,168.0
1773,M,2,179.0,148.0,180.2
1774,M,2,172.0,155.0,177.0
1775,M,2,172.0,155.0,170.0
1776,F,2,179.0,161.0,158.0
1777,M,2,179.0,161.0,174.0
1778,F,1,183.0,163.0,173.6
1779,F,1,172.0,164.0,155.6
1780,M,2,180.5,155.6,176.6
1781,M,2,180.5,155.6,173.8
1782,F,3,180.0,160.0,169.0
1783,F,3,180.0,160.0,166.0
1784,M,3,180.0,160.0,178.0
1785,F,3,175.0,155.0,164.3
1786,F,3,175.0,155.0,160.3
1787,F,3,175.0,155.0,156.3
1788,F,1,173.2,158.7,163.5
1789,F,1,170.0,161.8,159.8
1790,F,2,175.8,165.2,170.0
1791,F,2,175.8,165.2,160.0
1792,F,3,162.0,163.0,157.0
1793,M,3,162.0,163.0,171.0
1794,M,3,162.0,163.0,165.0
1795,F,2,173.0,167.0,171.3
1796,M,2,173.0,167.0,178.0
1797,F,2,176.0,160.0,158.0
1798,M,2,176.0,160.0,178.0
1799,F,2,171.0,160.0,163.8
1800,F,2,171.0,160.0,163.0
1801,F,2,178.0,158.0,163.0
1802,F,2,178.0,158.0,160.0
1803,F,1,170.0,161.0,160.0
1804,M,1,185.0,161.0,181.0
1805,F,1,162.5,160.5,156.5
1806,F,1,171.6,153.4,163.0
1807,F,2,170.0,153.0,163.8
1808,F,2,170.0,153.0,158.0
1809,F,1,169.0,158.0,156.0
1810,M,1,175.3,168.0,185.2
1811,M,1,167.0,168.0,178.0
1812,M,1,167.0,168.0,178.0
1813,F,3,174.0,163.0,160.1
1814,F,3,174.0,163.0,157.0
1815,M,3,174.0,163.0,168.7
1816,F,1,180.0,159.7,155.7
1817,M,1,165.4,145.4,170.2
1818,F,1,171.0,160.0,159.0
1819,F,2,168.0,163.0,163.9
1820,F,2,168.0,163.0,160.0
1821,F,2,170.0,160.0,159.2
1822,F,2,170.0,160.0,155.0
1823,F,2,180.0,158.0,163.0
1824,M,2,180.0,158.0,180.0
1825,F,3,181.0,165.0,170.0
1826,F,3,181.0,165.0,169.7
1827,F,3,181.0,165.0,164.3
1828,M,2,165.0,160.0,177.6
1829,M,2,165.0,160.0,175.0
1830,F,2,168.0,170.0,171.0
1831,F,2,168.0,170.0,168.0
1832,F,1,178.0,162.0,168.0
1833,M,2,168.0,160.0,175.0
1834,M,2,168.0,160.0,169.8
1835,F,1,173.0,158.0,147.0
1836,F,2,180.0,170.0,175.0
1837,F,2,180.0,170.0,168.0
1838,F,3,166.0,162.0,165.8
1839,F,3,166.0,162.0,159.7
1840,M,3,166.0,162.0,183.2
1841,F,3,172.5,159.6,162.4
1842,F,3,172.5,159.6,160.2
1843,F,3,172.5,159.6,158.9
1844,F,1,174.0,155.0,148.6
1845,F,2,172.0,156.0,159.0
1846,F,2,172.0,156.0,156.0
1847,F,2,168.0,160.0,160.0
1848,M,2,168.0,160.0,170.6
1849,F,3,174.0,167.0,162.0
1850,M,3,174.0,167.0,179.0
1851,M,3,174.0,167.0,178.0
1852,M,1,170.9,160.8,170.3
1853,F,1,160.0,153.0,156.0
1854,F,1,167.0,158.0,162.0
1855,F,2,174.5,164.1,169.5
1856,F,2,174.5,164.1,155.0
1857,F,2,177.0,153.0,167.9
1858,M,2,177.0,153.0,181.0
1859,F,2,165.0,163.0,166.0
1860,M,2,165.0,163.0,168.0
1861,F,2,178.0,157.0,163.0
1862,F,2,178.0,157.0,161.0
1863,M,2,176.0,163.0,176.2
1864,M,2,176.0,163.0,175.0
1865,M,1,180.0,166.0,177.0
1866,F,1,174.5,157.3,158.7
1867,M,1,167.5,162.5,171.6
1868,M,1,164.0,154.0,171.1
1869,F,2,172.0,165.0,159.8
1870,M,2,172.0,165.0,181.0
1871,F,2,175.0,155.0,157.8
1872,M,2,175.0,155.0,173.0
1873,F,2,179.0,162.5,164.7
1874,F,2,179.0,162.5,154.3
1875,F,1,178.2,161.1,155.8
1876,F,1,168.0,158.0,161.8
1877,F,2,168.0,155.0,155.0
1878,M,2,168.0,155.0,178.0
1879,F,2,178.0,161.0,166.0
1880,F,2,178.0,161.0,158.0
1881,F,2,174.0,160.0,161.0
1882,M,2,174.0,160.0,177.0
1883,F,2,174.0,166.0,169.5
1884,F,2,174.0,166.0,163.5
1885,F,2,172.0,162.0,162.0
1886,M,2,172.0,162.0,176.0
1887,F,2,168.0,160.0,159.0
1888,M,2,168.0,160.0,173.0
1889,F,1,170.5,168.0,166.3
1890,F,2,183.5,166.4,164.6
1891,M,2,183.5,166.4,182.4
1892,F,2,180.0,156.0,163.0
1893,M,2,180.0,156.0,180.0
1894,M,2,166.0,155.0,168.8
1895,M,2,166.0,155.0,168.0
1896,F,4,170.0,163.0,164.0
1897,F,4,170.0,163.0,161.0
1898,F,4,170.0,163.0,158.0
1899,F,4,170.0,163.0,156.0
1900,F,1,168.0,165.0,158.0
1901,F,1,180.0,170.0,177.7
1902,M,1,174.0,155.0,170.0
1903,F,1,169.0,164.0,158.0
1904,F,3,173.5,159.5,157.0
1905,F,3,173.5,159.5,155.0
1906,M,3,173.5,159.5,174.5
1907,F,4,173.0,156.0,165.0
1908,F,4,173.0,156.0,162.1
1909,F,4,173.0,156.0,160.4
1910,M,4,173.0,156.0,172.0
1911,F,2,175.0,163.0,167.0
1912,M,2,175.0,163.0,184.8
1913,F,2,176.0,164.0,170.0
1914,F,2,176.0,164.0,163.0
1915,M,1,175.0,168.0,182.0
1916,F,4,174.0,154.0,164.0
1917,F,4,174.0,154.0,158.0
1918,F,4,174.0,154.0,156.0
1919,M,4,174.0,154.0,178.0
1920,M,2,176.0,167.0,183.0
1921,M,2,176.0,167.0,178.0
1922,F,1,176.0,152.0,158.7
1923,F,2,172.0,159.0,158.0
1924,M,2,172.0,159.0,174.0
1925,F,2,173.0,157.0,168.0
1926,F,2,173.0,157.0,157.0
1927,F,1,178.0,168.0,163.5
1928,F,2,175.0,163.0,160.0
1929,M,2,175.0,163.0,177.0
1930,F,2,172.0,163.0,170.7
1931,F,2,172.0,163.0,165.0
1932,F,2,178.9,169.0,167.3
1933,F,2,178.9,169.0,165.0
1934,F,2,174.5,156.0,158.9
1935,F,2,174.5,156.0,153.0
1936,F,2,177.0,165.0,164.0
1937,M,2,177.0,165.0,184.0
1938,F,1,178.0,160.0,161.0
1939,F,2,170.0,165.0,165.0
1940,M,2,170.0,165.0,181.0
1941,F,3,177.0,160.0,167.0
1942,F,3,177.0,160.0,162.0
1943,M,3,177.0,160.0,176.0
1944,F,2,168.0,155.5,157.8
1945,M,2,168.0,155.5,171.2
1946,F,2,183.0,168.0,172.3
1947,F,2,183.0,168.0,169.0
1948,F,2,169.0,164.0,157.0
1949,F,2,169.0,164.0,157.0
1950,F,1,178.0,156.0,157.0
1951,M,1,176.0,155.0,178.0
1952,M,2,181.0,167.0,184.0
1953,M,2,181.0,167.0,175.3
1954,F,2,180.0,155.0,169.2
1955,F,2,180.0,155.0,168.0
1956,M,1,169.0,150.0,164.0
1957,F,1,173.0,155.0,158.5
1958,F,2,173.1,156.8,158.3
1959,M,2,173.1,156.8,174.2
1960,F,1,172.0,152.0,161.3
1961,M,1,172.3,158.1,176.2
1962,F,2,174.0,165.0,158.0
1963,M,2,174.0,165.0,175.8
1964,F,2,170.0,163.0,172.2
1965,M,2,170.0,163.0,185.0
1966,F,2,174.0,169.0,173.0
1967,M,2,174.0,169.0,177.0
1968,F,1,174.0,159.0,161.0
1969,F,2,172.0,150.0,158.0
1970,M,2,172.0,150.0,172.0
1971,F,1,183.0,158.0,159.0
1972,F,1,173.0,163.0,160.0
1973,F,2,172.0,160.0,168.0
1974,F,2,172.0,160.0,162.0
1975,F,1,177.0,166.0,165.0
1976,F,1,181.0,166.0,162.7
1977,F,1,171.0,161.0,162.0
1978,F,1,175.0,167.0,163.5
1979,F,1,163.0,165.0,164.4
1980,F,2,171.0,169.0,168.0
1981,M,2,171.0,169.0,182.0
1982,M,1,168.0,172.0,184.0
1983,F,2,172.2,158.6,160.0
1984,M,2,172.2,158.6,172.1
1985,F,2,160.0,162.0,163.0
1986,F,2,160.0,162.0,158.0
1987,F,3,173.0,165.0,164.0
1988,F,3,173.0,165.0,160.0
1989,M,3,173.0,165.0,173.0
1990,F,2,180.0,165.0,164.0
1991,M,2,180.0,165.0,183.0
1992,F,2,175.0,160.0,158.0
1993,M,2,175.0,160.0,175.0
1994,F,1,165.0,160.0,150.0
1995,M,1,185.0,168.0,188.0
1996,F,2,172.0,153.0,159.8
1997,F,2,172.0,153.0,158.0
1998,F,2,170.0,155.0,165.8
1999,M,2,170.0,155.0,170.0
2000,F,2,181.3,162.0,168.0
2001,M,2,181.3,162.0,176.5
2002,M,1,177.7,158.0,174.4
2003,F,3,165.0,160.0,154.8
2004,M,3,165.0,160.0,172.8
2005,M,3,165.0,160.0,169.8
2006,F,2,170.0,160.0,154.0
2007,M,2,170.0,160.0,170.0
2008,F,2,170.2,155.8,158.3
2009,M,2,170.2,155.8,170.0
2010,F,2,167.0,163.0,161.7
2011,F,2,167.0,163.0,159.8
2012,F,1,181.0,163.5,166.0
2013,F,1,170.0,155.0,154.0
2014,F,2,174.8,156.4,167.2
2015,M,2,174.8,156.4,173.4
2016,F,2,175.0,158.0,164.0
2017,M,2,175.0,158.0,173.0
2018,F,2,178.0,153.0,156.1
2019,M,2,178.0,153.0,174.0
2020,F,2,170.0,158.0,164.0
2021,F,2,170.0,158.0,160.0
2022,M,1,178.0,162.0,174.5
2023,F,2,168.0,150.0,156.0
2024,F,2,168.0,150.0,151.0
2025,F,1,171.5,148.5,154.6
2026,F,2,177.0,164.0,158.0
2027,M,2,177.0,164.0,173.0
2028,M,1,169.0,160.0,173.0
2029,F,2,175.0,168.0,171.4
2030,M,2,175.0,168.0,183.0
2031,F,2,159.0,156.0,155.2
2032,F,2,159.0,156.0,154.4
2033,M,1,174.0,160.0,180.0
2034,F,1,177.0,160.0,163.0
2035,F,4,170.0,158.0,157.7
2036,F,4,170.0,158.0,154.0
2037,M,4,170.0,158.0,181.7
2038,M,4,170.0,158.0,180.5
2039,F,3,174.3,156.2,157.5
2040,M,3,174.3,156.2,185.3
2041,M,3,174.3,156.2,174.6
2042,F,2,173.0,163.0,164.8
2043,M,2,173.0,163.0,178.0
2044,M,1,172.0,162.0,174.2
2045,F,2,170.4,164.3,169.7
2046,F,2,170.4,164.3,167.8
2047,M,2,178.0,165.0,183.2
2048,M,2,178.0,165.0,178.0
2049,F,2,178.0,166.0,170.1
2050,F,2,178.0,166.0,169.0
2051,F,1,170.6,162.3,166.3
2052,F,2,170.5,155.8,153.7
2053,M,2,170.5,155.8,165.4
2054,F,2,183.0,161.0,168.0
2055,M,2,183.0,161.0,174.0
2056,F,2,168.3,163.0,161.9
2057,F,2,168.3,163.0,157.6
2058,F,1,170.0,159.0,161.0
2059,F,2,174.0,163.0,167.7
2060,M,2,174.0,163.0,184.0
2061,F,1,170.0,165.0,161.0
2062,F,1,174.0,164.0,159.7
2063,M,3,183.0,163.0,190.0
2064,M,3,183.0,163.0,180.0
2065,M,3,183.0,163.0,171.0
2066,F,2,170.0,158.0,162.0
2067,F,2,170.0,158.0,162.0
2068,M,1,175.0,165.0,170.0
2069,F,1,164.0,150.0,163.0
2070,F,2,187.0,156.0,165.0
2071,M,2,187.0,156.0,180.0
2072,M,2,165.0,158.0,174.0
2073,M,2,165.0,158.0,168.0
2074,F,2,177.0,155.0,164.0
2075,F,2,177.0,155.0,157.0
2076,F,3,168.0,163.0,163.0
2077,M,3,168.0,163.0,183.0
2078,M,3,168.0,163.0,180.0
2079,F,1,172.5,164.2,160.3
2080,F,2,185.0,164.0,169.5
2081,M,2,185.0,164.0,184.3
2082,F,1,167.0,155.0,155.0
2083,F,1,170.0,159.0,158.6
2084,F,2,165.0,160.0,163.5
2085,F,2,165.0,160.0,158.0
2086,M,2,177.0,160.0,171.0
2087,M,2,177.0,160.0,176.3
2088,F,1,172.0,155.5,160.1
2089,F,2,174.0,164.0,160.0
2090,F,2,174.0,164.0,158.0
2091,F,2,174.0,158.0,163.0
2092,M,2,174.0,158.0,169.0
2093,F,2,172.0,160.0,163.2
2094,M,2,172.0,160.0,178.0
2095,F,1,182.0,162.0,164.0
2096,F,2,168.0,151.0,162.0
2097,M,2,168.0,151.0,170.0
2098,F,2,172.3,161.2,154.0
2099,M,2,172.3,161.2,172.0
2100,F,2,167.0,162.0,164.0
2101,M,2,167.0,162.0,170.0
2102,F,2,180.0,163.0,173.0
2103,M,2,180.0,163.0,178.0
2104,F,2,181.0,159.0,161.2
2105,M,2,181.0,159.0,176.5
2106,F,1,174.3,157.0,167.4
2107,F,3,175.0,162.0,167.0
2108,F,3,175.0,162.0,164.5
2109,M,3,175.0,162.0,179.5
2110,F,1,170.0,159.0,163.7
2111,M,1,173.0,165.0,178.0
2112,F,3,174.5,158.0,163.8
2113,F,3,174.5,158.0,158.5
2114,M,3,174.5,158.0,179.7
2115,F,2,175.0,167.0,172.0
2116,F,2,175.0,167.0,163.0
2117,F,2,176.0,168.1,170.4
2118,M,2,176.0,168.1,178.4
2119,M,1,174.0,168.0,181.0
2120,F,1,179.5,165.0,168.7
2121,F,2,164.0,162.0,160.0
2122,M,2,164.0,162.0,178.0
2123,F,3,166.0,158.0,169.0
2124,M,3,166.0,158.0,170.2
2125,M,3,166.0,158.0,165.5
2126,F,1,172.0,166.0,162.5
2127,F,1,178.0,160.0,168.5
2128,F,1,177.5,150.2,158.0
2129,F,1,176.0,155.0,156.0
2130,F,2,174.0,164.0,167.0
2131,M,2,174.0,164.0,174.5
2132,F,2,168.0,158.0,160.0
2133,M,2,168.0,158.0,174.0
2134,F,3,170.0,160.0,164.0
2135,M,3,170.0,160.0,172.0
2136,M,3,170.0,160.0,171.0
2137,M,1,169.0,164.3,175.0
2138,F,3,180.0,163.0,165.0
2139,F,3,180.0,163.0,160.7
2140,M,3,180.0,163.0,170.0
2141,F,2,178.5,154.2,164.8
2142,M,2,178.5,154.2,176.3
2143,F,2,173.0,157.0,156.0
2144,F,2,173.0,157.0,153.0
2145,F,1,180.2,167.6,165.8
2146,F,1,168.0,155.0,155.4
2147,M,1,170.5,168.3,171.7
2148,F,2,172.3,159.8,162.3
2149,M,2,172.3,159.8,172.6
2150,F,1,180.0,158.0,164.0
2151,F,2,169.0,163.0,173.0
2152,F,2,169.0,163.0,162.0
2153,F,2,185.0,165.0,168.0
2154,M,2,185.0,165.0,180.0
2155,M,2,168.0,152.0,173.2
2156,M,2,168.0,152.0,171.0
2157,F,2,186.0,163.0,165.7
2158,M,2,186.0,163.0,187.6
2159,F,2,172.1,159.8,161.2
2160,M,2,172.1,159.8,172.5
2161,F,2,171.0,153.0,159.0
2162,F,2,171.0,153.0,156.0
2163,F,2,169.0,158.0,153.8
2164,M,2,169.0,158.0,178.0
2165,M,1,172.5,163.2,173.3
2166,M,1,173.0,166.0,178.5
2167,F,2,170.0,155.0,166.0
2168,M,2,170.0,155.0,177.0
2169,F,1,168.0,162.0,157.0
2170,F,3,168.0,160.0,164.0
2171,F,3,168.0,160.0,158.0
2172,M,3,168.0,160.0,173.0
2173,F,3,170.0,155.0,165.0
2174,F,3,170.0,155.0,162.0
2175,M,3,170.0,155.0,171.0
2176,F,1,172.0,158.0,164.0
2177,M,2,171.2,168.4,181.0
2178,M,2,171.2,168.4,174.4
2179,F,2,177.0,168.0,170.3
2180,M,2,177.0,168.0,180.0
2181,M,1,167.9,148.0,173.0
2182,F,3,178.0,160.0,167.0
2183,F,3,178.0,160.0,164.0
2184,M,3,178.0,160.0,163.0
2185,M,1,171.2,160.9,176.6
2186,F,3,173.0,168.0,170.0
2187,F,3,173.0,168.0,167.0
2188,F,3,173.0,168.0,164.0
2189,F,1,173.0,157.0,166.8
2190,F,1,178.2,154.3,153.1
2191,F,1,167.0,159.8,158.9
2192,F,2,178.0,163.0,170.0
2193,F,2,178.0,163.0,168.0
2194,M,1,176.0,156.0,171.0
2195,F,1,171.3,162.0,157.2
2196,F,2,181.0,168.0,163.0
2197,M,2,181.0,168.0,182.1
2198,M,1,170.0,168.0,173.5
2199,M,3,161.3,153.7,169.2
2200,M,3,161.3,153.7,168.9
2201,M,3,161.3,153.7,168.7
2202,F,2,169.0,160.0,155.0
2203,F,2,169.0,160.0,153.0
2204,F,2,165.0,157.0,160.0
2205,F,2,165.0,157.0,157.3
2206,F,1,172.0,165.0,167.8
2207,F,2,180.0,158.0,167.3
2208,M,2,180.0,158.0,185.0
2209,F,2,177.0,158.0,161.8
2210,M,2,177.0,158.0,177.0
2211,F,1,180.0,160.0,161.4
2212,F,2,173.0,156.0,160.1
2213,F,2,173.0,156.0,157.0
2214,F,1,183.0,158.0,156.2
2215,F,1,169.0,160.5,162.0
2216,F,2,163.0,152.0,167.0
2217,M,2,163.0,152.0,170.0
2218,F,2,169.8,164.3,165.1
2219,M,2,169.8,164.3,177.0
2220,F,2,172.0,162.0,160.0
2221,F,2,172.0,162.0,160.0
2222,F,2,170.0,167.0,160.1
2223,M,2,170.0,167.0,175.6
2224,F,1,174.0,166.0,168.0
2225,F,1,187.0,165.0,166.0
2226,F,1,175.0,170.0,177.8
2227,F,2,168.0,158.0,154.0
2228,M,2,168.0,158.0,170.0
2229,F,1,167.0,150.0,155.0
2230,F,2,173.0,161.2,159.0
2231,F,2,173.0,161.2,156.6
2232,F,2,173.0,162.0,168.0
2233,M,2,173.0,162.0,179.5
2234,F,2,170.0,153.0,158.1
2235,F,2,170.0,153.0,156.0
2236,F,1,173.0,158.0,163.0
2237,F,1,170.1,163.3,158.5
2238,F,1,180.3,163.8,175.7
2239,F,1,181.0,167.0,173.5
2240,F,2,167.0,158.0,165.0
2241,M,2,167.0,158.0,177.0
2242,F,1,170.3,159.6,161.4
2243,F,1,181.0,167.5,163.4
2244,M,1,167.5,165.5,176.5
2245,F,2,176.9,162.2,165.3
2246,F,2,176.9,162.2,160.2
2247,F,2,170.0,155.0,164.0
2248,F,2,170.0,155.0,163.0
2249,F,1,170.0,159.0,164.3
2250,F,2,174.0,150.0,155.0
2251,M,2,174.0,150.0,172.0
2252,F,2,182.0,160.0,167.0
2253,F,2,182.0,160.0,166.0
2254,F,2,172.0,156.0,158.0
2255,M,2,172.0,156.0,167.9
2256,F,2,175.0,151.0,155.0
2257,M,2,175.0,151.0,168.0
2258,F,2,174.0,158.0,163.5
2259,F,2,174.0,158.0,155.0
2260,F,2,174.0,154.0,160.0
2261,M,2,174.0,154.0,176.1
2262,F,2,167.0,157.0,163.0
2263,F,2,167.0,157.0,161.0
2264,F,2,172.0,164.0,159.0
2265,F,2,172.0,164.0,154.5
2266,F,2,173.0,155.0,158.5
2267,F,2,173.0,155.0,155.5
2268,F,1,171.0,162.0,155.0
2269,F,2,168.3,155.4,155.3
2270,F,2,168.3,155.4,153.0
2271,M,1,170.0,165.0,178.0
2272,F,2,176.0,167.0,170.2
2273,F,2,176.0,167.0,159.0
2274,F,2,163.0,158.0,160.0
2275,M,2,163.0,158.0,180.0
2276,M,2,173.0,160.0,180.0
2277,M,2,173.0,160.0,173.2
2278,F,2,175.0,156.0,160.0
2279,M,2,175.0,156.0,177.0
2280,F,2,165.5,165.0,158.5
2281,M,2,165.5,165.0,170.7
2282,F,2,178.0,170.0,168.0
2283,M,2,178.0,170.0,182.0
2284,F,2,168.0,157.9,156.7
2285,M,2,168.0,157.9,176.8
2286,F,4,169.2,151.3,162.1
2287,F,4,169.2,151.3,160.3
2288,F,4,169.2,151.3,157.8
2289,M,4,169.2,151.3,170.4
2290,M,1,172.0,158.0,173.0
2291,F,2,188.0,167.0,166.0
2292,F,2,188.0,167.0,166.0
2293,F,1,180.0,160.0,160.0
2294,F,1,177.0,166.0,166.0
2295,F,1,170.0,167.0,160.0
2296,F,1,178.0,177.0,166.0
2297,F,1,180.0,170.0,177.0
2298,F,3,168.0,160.0,158.0
2299,F,3,168.0,160.0,157.0
2300,M,3,168.0,160.0,174.0
2301,F,1,173.0,170.0,170.0
2302,F,3,172.1,158.5,163.7
2303,M,3,172.1,158.5,178.0
2304,M,3,172.1,158.5,175.0
2305,F,1,178.5,156.0,165.0
2306,F,1,172.0,164.0,158.3
2307,F,1,171.0,161.0,161.0
2308,F,2,174.0,156.0,160.0
2309,M,2,174.0,156.0,175.0
2310,F,1,167.0,162.0,150.0
2311,F,1,174.0,168.0,164.0
2312,F,2,180.0,160.0,164.0
2313,F,2,180.0,160.0,161.0
2314,F,1,180.0,160.0,175.0
2315,F,3,173.0,159.0,167.8
2316,F,3,173.0,159.0,167.0
2317,F,3,173.0,159.0,163.0
2318,M,2,173.2,163.4,176.7
2319,M,2,173.2,163.4,175.3
2320,M,1,180.0,167.0,183.5
2321,M,2,173.0,165.0,176.8
2322,M,2,173.0,165.0,169.0
2323,F,2,178.5,160.1,162.5
2324,M,2,178.5,160.1,180.1
2325,F,3,172.5,161.8,169.7
2326,F,3,172.5,161.8,163.4
2327,F,3,172.5,161.8,158.4
2328,F,2,176.0,158.0,163.0
2329,M,2,176.0,158.0,173.0
2330,F,2,178.0,160.0,160.0
2331,F,2,178.0,160.0,158.0
2332,F,1,168.3,159.2,159.6
2333,F,1,172.0,159.0,158.0
2334,F,2,168.0,163.0,160.0
2335,F,2,168.0,163.0,154.0
2336,F,2,185.0,158.0,159.0
2337,M,2,185.0,158.0,184.0
2338,F,2,175.0,158.0,160.0
2339,M,2,175.0,158.0,173.2
2340,F,2,170.1,162.0,160.6
2341,M,2,170.1,162.0,170.0
2342,M,2,185.5,161.3,186.1
2343,M,2,185.5,161.3,179.0
2344,F,1,176.0,166.0,168.5
2345,F,2,172.0,159.0,168.0
2346,F,2,172.0,159.0,155.0
2347,M,1,165.8,158.3,166.8
2348,F,1,168.0,167.0,165.0
2349,F,2,178.0,167.0,172.5
2350,F,2,178.0,167.0,167.5
2351,M,1,180.0,170.3,183.4
2352,F,2,167.0,164.0,160.8
2353,M,2,167.0,164.0,173.0
2354,M,2,171.0,162.0,173.6
2355,M,2,171.0,162.0,168.7
2356,F,2,173.0,165.0,167.0
2357,M,2,173.0,165.0,175.0
2358,F,1,173.0,154.0,164.0
2359,F,2,170.0,165.0,169.8
2360,F,2,170.0,165.0,163.0
2361,F,2,172.0,170.0,165.5
2362,M,2,172.0,170.0,179.6
2363,F,2,170.0,165.0,159.7
2364,M,2,170.0,165.0,189.0
2365,F,2,178.0,158.0,168.0
2366,M,2,178.0,158.0,173.0
2367,M,1,182.0,160.2,178.3
2368,F,2,171.0,163.0,159.0
2369,F,2,171.0,163.0,157.0
2370,F,1,169.0,160.3,166.6
2371,F,1,172.0,162.0,161.0
2372,M,2,175.0,165.0,180.0
2373,M,2,175.0,165.0,178.0
2374,F,1,173.0,165.0,162.0
2375,F,1,175.5,155.0,164.5
2376,M,1,171.0,162.0,168.0
2377,F,3,169.3,165.2,167.2
2378,F,3,169.3,165.2,165.8
2379,M,3,169.3,165.2,172.13
2380,M,1,179.0,163.0,180.0
2381,F,2,166.0,163.0,159.0
2382,M,2,166.0,163.0,174.0
2383,M,1,174.5,161.2,174.2
2384,F,1,173.0,164.0,169.0
2385,F,2,177.0,157.0,165.0
2386,F,2,177.0,157.0,163.0
2387,F,3,173.0,170.0,172.0
2388,F,3,173.0,170.0,168.0
2389,M,3,173.0,170.0,175.0
2390,F,3,163.0,158.0,163.0
2391,F,3,163.0,158.0,158.0
2392,F,3,163.0,158.0,152.3
2393,F,1,166.0,154.0,157.8
2394,F,2,178.0,153.0,157.8
2395,M,2,178.0,153.0,163.0
2396,M,1,178.0,166.0,175.0
2397,M,1,174.0,160.0,175.4
2398,F,2,173.0,165.0,166.0
2399,F,2,173.0,165.0,162.8
2400,F,2,184.0,160.0,165.0
2401,M,2,184.0,160.0,181.5
2402,F,1,174.0,162.0,163.0
2403,F,2,167.0,163.0,160.0
2404,F,2,167.0,163.0,159.0
2405,F,1,173.0,167.0,157.0
2406,F,1,175.0,169.8,156.3
2407,F,1,169.0,160.0,160.0
2408,F,2,175.8,165.2,171.8
2409,F,2,175.8,165.2,166.5
2410,F,2,182.4,165.6,169.4
2411,F,2,182.4,165.6,162.7
2412,F,2,181.0,163.0,171.8
2413,M,2,181.0,163.0,186.0
2414,M,1,170.0,155.0,164.0
2415,F,2,175.0,160.0,159.0
2416,M,2,175.0,160.0,177.6
2417,F,2,185.0,165.0,175.2
2418,F,2,185.0,165.0,167.0
2419,F,1,176.0,158.0,167.0
2420,F,1,172.0,152.0,158.2
2421,F,2,185.0,162.0,168.0
2422,F,2,185.0,162.0,160.0
2423,F,2,165.0,167.0,170.0
2424,M,2,165.0,167.0,174.0
2425,F,1,179.0,162.0,164.1
2426,M,2,170.0,162.0,182.0
2427,M,2,170.0,162.0,175.0
2428,F,2,170.0,160.0,156.0
2429,F,2,170.0,160.0,156.0
2430,F,1,169.0,158.0,165.0
2431,F,2,178.9,158.0,164.2
2432,F,2,178.9,158.0,162.8
2433,F,2,160.0,154.0,154.0
2434,M,2,160.0,154.0,169.0
2435,F,3,172.0,163.0,162.0
2436,F,3,172.0,163.0,159.0
2437,M,3,172.0,163.0,183.0
2438,F,1,178.0,163.0,164.0
2439,F,1,180.0,159.0,165.0
2440,F,3,163.0,154.0,156.9
2441,M,3,163.0,154.0,167.0
2442,M,3,163.0,154.0,167.0
2443,F,2,172.0,150.0,153.0
2444,M,2,172.0,150.0,170.0
2445,F,1,165.0,150.0,154.6
2446,F,2,176.0,164.0,166.0
2447,M,2,176.0,164.0,176.0
2448,M,1,172.0,154.3,169.5
2449,F,2,172.0,162.0,164.7
2450,F,2,172.0,162.0,163.4
2451,F,2,170.0,164.0,171.0
2452,F,2,170.0,164.0,161.0
2453,F,1,170.0,160.0,162.5
2454,F,1,175.0,161.0,160.0
2455,F,2,178.0,157.0,168.0
2456,F,2,178.0,157.0,159.0
2457,M,1,178.0,157.0,177.0
2458,M,1,175.2,167.5,174.5
2459,M,2,175.0,160.0,178.0
2460,M,2,175.0,160.0,173.0
2461,M,1,175.0,153.0,164.0
2462,F,1,185.0,165.0,162.0
2463,F,2,168.0,164.0,165.0
2464,M,2,168.0,164.0,171.0
2465,F,2,165.4,160.3,153.8
2466,M,2,165.4,160.3,168.8
2467,M,1,178.3,160.1,176.7
2468,F,2,171.3,152.6,156.4
2469,M,2,171.3,152.6,172.3
2470,F,1,170.0,162.4,158.0
2471,F,2,174.0,158.0,162.0
2472,F,2,174.0,158.0,156.0
2473,F,1,172.0,156.0,158.9
2474,F,3,167.0,158.0,164.0
2475,F,3,167.0,158.0,156.0
2476,M,3,167.0,158.0,183.0
2477,F,2,178.9,169.9,173.1
2478,M,2,178.9,169.9,186.8
2479,F,1,183.0,169.0,174.0
2480,F,2,174.0,150.0,152.0
2481,F,2,174.0,150.0,150.0
2482,F,2,178.0,163.0,163.0
2483,M,2,178.0,163.0,176.0
2484,M,1,175.0,170.0,180.0
2485,F,3,176.0,164.0,169.0
2486,F,3,176.0,164.0,164.0
2487,M,3,176.0,164.0,185.0
2488,F,1,174.0,154.0,153.0
2489,F,1,175.0,157.0,160.0
2490,F,2,165.0,161.0,154.0
2491,F,2,165.0,161.0,152.0
2492,M,2,172.0,158.0,177.0
2493,M,2,172.0,158.0,176.0
2494,F,2,180.0,170.0,175.0
2495,F,2,180.0,170.0,168.0
2496,F,2,167.0,154.0,160.2
2497,F,2,167.0,154.0,157.8
2498,F,2,165.0,153.0,160.0
2499,F,2,165.0,153.0,158.0
2500,M,1,177.0,163.0,185.0
2501,F,1,183.2,163.0,167.2
2502,F,1,164.0,187.0,193.0
2503,F,1,173.0,159.0,155.0
2504,F,1,181.0,167.0,164.0
2505,F,4,170.6,155.4,170.5
2506,F,4,170.6,155.4,160.9
2507,F,4,170.6,155.4,158.7
2508,F,4,170.6,155.4,156.9
2509,F,2,168.0,156.0,157.0
2510,F,2,168.0,156.0,153.0
2511,M,1,168.0,155.0,173.0
2512,F,1,178.8,166.2,167.3
2513,F,2,169.5,163.0,165.0
2514,M,2,169.5,163.0,175.0
2515,F,1,177.7,161.5,164.5
2516,M,2,173.0,163.0,184.0
2517,M,2,173.0,163.0,178.9
2518,F,2,172.0,159.0,164.5
2519,M,2,172.0,159.0,178.0
2520,M,1,178.0,162.0,175.0
2521,F,2,182.0,155.0,158.0
2522,M,2,182.0,155.0,187.0
2523,F,2,170.0,160.0,161.0
2524,F,2,170.0,160.0,156.0
2525,F,1,174.0,158.0,153.5
2526,F,2,177.0,164.0,164.8
2527,F,2,177.0,164.0,161.0
2528,F,1,174.2,160.3,162.1
2529,F,1,181.0,160.0,167.0
2530,F,2,174.0,168.0,173.0
2531,F,2,174.0,168.0,172.0
2532,M,2,180.0,169.0,180.0
2533,M,2,180.0,169.0,178.0
2534,M,1,163.0,152.0,168.4
2535,F,2,188.0,164.0,163.0
2536,M,2,188.0,164.0,180.6
2537,F,3,168.0,172.4,171.1
2538,F,3,168.0,172.4,161.0
2539,M,3,168.0,172.4,177.0
2540,F,1,174.0,157.0,161.0
2541,F,1,174.0,163.0,159.8
2542,F,2,170.0,155.0,162.0
2543,M,2,170.0,155.0,175.0
2544,F,3,159.0,152.0,155.0
2545,F,3,159.0,152.0,153.0
2546,F,3,159.0,152.0,153.0
2547,F,2,164.0,167.0,177.0
2548,F,2,164.0,167.0,156.0
2549,F,2,174.0,158.0,162.0
2550,M,2,174.0,158.0,171.2
2551,F,2,170.2,159.2,167.5
2552,M,2,170.2,159.2,169.8
2553,M,1,172.4,170.1,173.3
2554,F,2,170.0,160.0,165.0
2555,M,2,170.0,160.0,170.0
2556,F,1,168.0,160.5,161.7
2557,F,3,168.0,159.0,160.0
2558,F,3,168.0,159.0,159.0
2559,M,3,168.0,159.0,168.0
2560,M,2,168.1,158.2,165.2
2561,M,2,168.1,158.2,163.0
2562,F,3,184.0,162.0,167.0
2563,F,3,184.0,162.0,164.0
2564,M,3,184.0,162.0,183.0
2565,F,2,171.0,158.0,161.0
2566,M,2,171.0,158.0,173.6
2567,F,3,178.0,162.0,164.0
2568,F,3,178.0,162.0,162.0
2569,F,3,178.0,162.0,160.0
2570,F,3,168.3,169.5,169.1
2571,M,3,168.3,169.5,178.1
2572,M,3,168.3,169.5,172.9
2573,F,2,173.0,158.0,160.3
2574,M,2,173.0,158.0,175.0
2575,F,2,178.0,167.0,165.0
2576,M,2,178.0,167.0,179.8
2577,F,1,172.0,158.0,156.7
2578,M,1,174.0,159.0,170.0
2579,F,1,180.0,160.0,163.0
2580,F,2,173.0,160.0,169.0
2581,F,2,173.0,160.0,168.0
2582,F,1,175.0,150.0,165.0
2583,F,1,172.0,153.0,157.0
2584,F,2,178.0,166.0,166.7
2585,F,2,178.0,166.0,158.0
2586,F,2,170.0,161.0,157.0
2587,F,2,170.0,161.0,154.0
2588,M,2,173.3,150.7,175.4
2589,M,2,173.3,150.7,174.0
2590,F,1,189.7,158.7,163.0
2591,F,2,171.0,166.0,167.0
2592,M,2,171.0,166.0,178.0
2593,M,1,183.3,163.5,175.2
2594,F,2,170.0,160.0,155.0
2595,M,2,170.0,160.0,175.0
2596,F,2,170.0,160.0,158.6
2597,M,2,170.0,160.0,170.0
2598,M,1,179.0,153.0,173.0
2599,F,1,173.0,163.0,163.1
2600,F,2,178.0,154.0,157.0
2601,F,2,178.0,154.0,156.0
2602,M,1,169.2,163.2,171.1
2603,M,2,170.0,160.0,176.0
2604,M,2,170.0,160.0,175.0
2605,M,1,181.0,157.0,179.0
2606,M,1,179.1,171.0,190.8
2607,F,2,170.3,164.5,168.5
2608,M,2,170.3,164.5,178.9
2609,F,1,183.0,165.0,165.0
2610,F,2,180.0,160.0,166.9
2611,M,2,180.0,160.0,182.0
2612,F,2,163.0,168.0,166.0
2613,F,2,163.0,168.0,159.8
2614,M,1,179.0,157.0,179.2
2615,F,1,176.0,166.0,164.5
2616,F,1,173.5,160.3,163.6
2617,M,1,173.2,150.0,175.6
2618,F,2,167.0,150.0,160.3
2619,F,2,167.0,150.0,152.0
2620,M,1,174.0,167.0,180.0
2621,M,1,168.0,160.0,175.0
2622,M,1,174.0,160.0,180.0
2623,F,1,173.0,163.0,153.5
2624,F,1,180.0,168.0,157.0
2625,F,2,178.0,167.0,165.0
2626,F,2,178.0,167.0,161.0
2627,F,2,183.0,160.0,163.0
2628,M,2,183.0,160.0,185.0
2629,M,1,165.0,168.0,171.0
2630,M,2,177.0,163.0,177.0
2631,M,2,177.0,163.0,176.6
2632,F,2,169.0,156.0,160.0
2633,F,2,169.0,156.0,156.0
2634,F,1,170.0,165.0,170.0
2635,F,2,175.0,155.0,155.2
2636,M,2,175.0,155.0,172.4
2637,F,2,173.0,163.0,161.0
2638,F,2,173.0,163.0,161.0
2639,M,2,172.4,162.8,176.6
2640,M,2,172.4,162.8,173.2
2641,F,2,176.2,158.6,159.8
2642,M,2,176.2,158.6,177.6
2643,F,1,173.0,162.0,165.0
2644,F,2,177.0,160.0,171.0
2645,M,2,177.0,160.0,183.0
2646,M,2,186.0,163.0,191.0
2647,M,2,186.0,163.0,179.0
2648,M,1,171.0,170.0,176.0
2649,F,2,172.0,160.0,164.0
2650,M,2,172.0,160.0,174.0
2651,F,2,163.0,163.0,171.8
2652,F,2,163.0,163.0,165.6
2653,M,1,175.0,163.0,183.1
2654,F,1,178.0,158.0,161.0
2655,F,1,171.5,159.7,160.4
2656,F,1,170.0,158.0,164.2
2657,F,3,171.3,163.2,167.5
2658,F,3,171.3,163.2,156.3
2659,M,3,171.3,163.2,177.7
2660,M,1,186.0,165.0,189.0
2661,F,2,160.0,161.0,153.0
2662,M,2,160.0,161.0,171.0
2663,F,1,170.0,158.0,155.0
2664,F,2,169.0,160.0,166.5
2665,F,2,169.0,160.0,163.5
2666,F,3,168.0,159.0,162.0
2667,F,3,168.0,159.0,160.0
2668,M,3,168.0,159.0,174.0
2669,F,1,175.0,155.0,158.0
2670,M,1,173.0,164.0,186.0
2671,M,2,165.0,160.0,179.0
2672,M,2,165.0,160.0,172.0
2673,F,3,168.3,158.5,157.5
2674,F,3,168.3,158.5,154.6
2675,M,3,168.3,158.5,174.2
2676,F,2,170.0,163.0,161.0
2677,F,2,170.0,163.0,160.0
2678,F,2,170.0,157.0,156.0
2679,F,2,170.0,157.0,155.0
2680,F,1,168.0,158.0,158.0
2681,F,1,177.0,166.0,160.0
2682,F,2,178.0,163.0,164.5
2683,M,2,178.0,163.0,180.0
2684,M,2,180.0,158.0,181.5
2685,M,2,180.0,158.0,174.0
2686,M,1,163.5,162.1,177.7
